id,heroid,hero_star,star_quality,star_num,gridattribute_type1,gridattribute_num1,gridattribute_type2,gridattribute_num2,gridattribute_type3,gridattribute_num3,gridattribute_type4,gridattribute_num4,gridattribute_type5,gridattribute_num5,gridattribute_type6,gridattribute_num6
1,1001,0,0,0,6,600,7,100,8,60,99,1000,0,0,0,0
2,1001,1,1,1,6,1050,7,175,8,105,99,1000,0,0,0,0
3,1001,2,1,2,6,1950,7,325,8,195,99,1000,0,0,0,0
4,1001,3,1,3,6,3300,7,550,8,330,99,1000,0,0,0,0
5,1001,4,1,4,6,5100,7,850,8,510,99,1000,0,0,0,0
6,1001,5,1,5,6,7350,7,1225,8,735,99,1000,0,0,0,0
7,1001,6,2,1,6,10050,7,1675,8,1005,99,1000,0,0,0,0
8,1001,7,2,2,6,13200,7,2200,8,1320,99,1000,0,0,0,0
9,1001,8,2,3,6,16800,7,2800,8,1680,99,1000,0,0,0,0
10,1001,9,2,4,6,20850,7,3475,8,2085,99,1000,0,0,0,0
11,1001,10,2,5,6,25350,7,4225,8,2535,99,1000,0,0,0,0
12,1001,11,3,1,6,30300,7,5050,8,3030,99,1000,0,0,0,0
13,1001,12,3,2,6,35700,7,5950,8,3570,99,1000,0,0,0,0
14,1001,13,3,3,6,41550,7,6925,8,4155,99,1000,0,0,0,0
15,1001,14,3,4,6,47850,7,7975,8,4785,99,1000,0,0,0,0
16,1001,15,3,5,6,54600,7,9100,8,5460,99,1000,0,0,0,0
17,1002,0,0,0,6,600,7,100,8,60,99,1000,0,0,0,0
18,1002,1,1,1,6,1050,7,175,8,105,99,1000,0,0,0,0
19,1002,2,1,2,6,1950,7,325,8,195,99,1000,0,0,0,0
20,1002,3,1,3,6,3300,7,550,8,330,99,1000,0,0,0,0
21,1002,4,1,4,6,5100,7,850,8,510,99,1000,0,0,0,0
22,1002,5,1,5,6,7350,7,1225,8,735,99,1000,0,0,0,0
23,1002,6,2,1,6,10050,7,1675,8,1005,99,1000,0,0,0,0
24,1002,7,2,2,6,13200,7,2200,8,1320,99,1000,0,0,0,0
25,1002,8,2,3,6,16800,7,2800,8,1680,99,1000,0,0,0,0
26,1002,9,2,4,6,20850,7,3475,8,2085,99,1000,0,0,0,0
27,1002,10,2,5,6,25350,7,4225,8,2535,99,1000,0,0,0,0
28,1002,11,3,1,6,30300,7,5050,8,3030,99,1000,0,0,0,0
29,1002,12,3,2,6,35700,7,5950,8,3570,99,1000,0,0,0,0
30,1002,13,3,3,6,41550,7,6925,8,4155,99,1000,0,0,0,0
31,1002,14,3,4,6,47850,7,7975,8,4785,99,1000,0,0,0,0
32,1002,15,3,5,6,54600,7,9100,8,5460,99,1000,0,0,0,0
33,1003,0,0,0,6,600,7,100,8,60,99,1000,0,0,0,0
34,1003,1,1,1,6,1050,7,175,8,105,99,1000,0,0,0,0
35,1003,2,1,2,6,1950,7,325,8,195,99,1000,0,0,0,0
36,1003,3,1,3,6,3300,7,550,8,330,99,1000,0,0,0,0
37,1003,4,1,4,6,5100,7,850,8,510,99,1000,0,0,0,0
38,1003,5,1,5,6,7350,7,1225,8,735,99,1000,0,0,0,0
39,1003,6,2,1,6,10050,7,1675,8,1005,99,1000,0,0,0,0
40,1003,7,2,2,6,13200,7,2200,8,1320,99,1000,0,0,0,0
41,1003,8,2,3,6,16800,7,2800,8,1680,99,1000,0,0,0,0
42,1003,9,2,4,6,20850,7,3475,8,2085,99,1000,0,0,0,0
43,1003,10,2,5,6,25350,7,4225,8,2535,99,1000,0,0,0,0
44,1003,11,3,1,6,30300,7,5050,8,3030,99,1000,0,0,0,0
45,1003,12,3,2,6,35700,7,5950,8,3570,99,1000,0,0,0,0
46,1003,13,3,3,6,41550,7,6925,8,4155,99,1000,0,0,0,0
47,1003,14,3,4,6,47850,7,7975,8,4785,99,1000,0,0,0,0
48,1003,15,3,5,6,54600,7,9100,8,5460,99,1000,0,0,0,0
49,1005,0,0,0,6,600,7,100,8,60,99,1000,0,0,0,0
50,1005,1,1,1,6,1050,7,175,8,105,99,1000,0,0,0,0
51,1005,2,1,2,6,1950,7,325,8,195,99,1000,0,0,0,0
52,1005,3,1,3,6,3300,7,550,8,330,99,1000,0,0,0,0
53,1005,4,1,4,6,5100,7,850,8,510,99,1000,0,0,0,0
54,1005,5,1,5,6,7350,7,1225,8,735,99,1000,0,0,0,0
55,1005,6,2,1,6,10050,7,1675,8,1005,99,1000,0,0,0,0
56,1005,7,2,2,6,13200,7,2200,8,1320,99,1000,0,0,0,0
57,1005,8,2,3,6,16800,7,2800,8,1680,99,1000,0,0,0,0
58,1005,9,2,4,6,20850,7,3475,8,2085,99,1000,0,0,0,0
59,1005,10,2,5,6,25350,7,4225,8,2535,99,1000,0,0,0,0
60,1005,11,3,1,6,30300,7,5050,8,3030,99,1000,0,0,0,0
61,1005,12,3,2,6,35700,7,5950,8,3570,99,1000,0,0,0,0
62,1005,13,3,3,6,41550,7,6925,8,4155,99,1000,0,0,0,0
63,1005,14,3,4,6,47850,7,7975,8,4785,99,1000,0,0,0,0
64,1005,15,3,5,6,54600,7,9100,8,5460,99,1000,0,0,0,0
65,1006,0,0,0,6,600,7,100,8,60,99,1000,0,0,0,0
66,1006,1,1,1,6,1050,7,175,8,105,99,1000,0,0,0,0
67,1006,2,1,2,6,1950,7,325,8,195,99,1000,0,0,0,0
68,1006,3,1,3,6,3300,7,550,8,330,99,1000,0,0,0,0
69,1006,4,1,4,6,5100,7,850,8,510,99,1000,0,0,0,0
70,1006,5,1,5,6,7350,7,1225,8,735,99,1000,0,0,0,0
71,1006,6,2,1,6,10050,7,1675,8,1005,99,1000,0,0,0,0
72,1006,7,2,2,6,13200,7,2200,8,1320,99,1000,0,0,0,0
73,1006,8,2,3,6,16800,7,2800,8,1680,99,1000,0,0,0,0
74,1006,9,2,4,6,20850,7,3475,8,2085,99,1000,0,0,0,0
75,1006,10,2,5,6,25350,7,4225,8,2535,99,1000,0,0,0,0
76,1006,11,3,1,6,30300,7,5050,8,3030,99,1000,0,0,0,0
77,1006,12,3,2,6,35700,7,5950,8,3570,99,1000,0,0,0,0
78,1006,13,3,3,6,41550,7,6925,8,4155,99,1000,0,0,0,0
79,1006,14,3,4,6,47850,7,7975,8,4785,99,1000,0,0,0,0
80,1006,15,3,5,6,54600,7,9100,8,5460,99,1000,0,0,0,0
81,1008,0,0,0,6,600,7,100,8,60,99,1000,0,0,0,0
82,1008,1,1,1,6,1050,7,175,8,105,99,1000,0,0,0,0
83,1008,2,1,2,6,1950,7,325,8,195,99,1000,0,0,0,0
84,1008,3,1,3,6,3300,7,550,8,330,99,1000,0,0,0,0
85,1008,4,1,4,6,5100,7,850,8,510,99,1000,0,0,0,0
86,1008,5,1,5,6,7350,7,1225,8,735,99,1000,0,0,0,0
87,1008,6,2,1,6,10050,7,1675,8,1005,99,1000,0,0,0,0
88,1008,7,2,2,6,13200,7,2200,8,1320,99,1000,0,0,0,0
89,1008,8,2,3,6,16800,7,2800,8,1680,99,1000,0,0,0,0
90,1008,9,2,4,6,20850,7,3475,8,2085,99,1000,0,0,0,0
91,1008,10,2,5,6,25350,7,4225,8,2535,99,1000,0,0,0,0
92,1008,11,3,1,6,30300,7,5050,8,3030,99,1000,0,0,0,0
93,1008,12,3,2,6,35700,7,5950,8,3570,99,1000,0,0,0,0
94,1008,13,3,3,6,41550,7,6925,8,4155,99,1000,0,0,0,0
95,1008,14,3,4,6,47850,7,7975,8,4785,99,1000,0,0,0,0
96,1008,15,3,5,6,54600,7,9100,8,5460,99,1000,0,0,0,0
97,1009,0,0,0,6,600,7,100,8,60,99,1000,0,0,0,0
98,1009,1,1,1,6,1050,7,175,8,105,99,1000,0,0,0,0
99,1009,2,1,2,6,1950,7,325,8,195,99,1000,0,0,0,0
100,1009,3,1,3,6,3300,7,550,8,330,99,1000,0,0,0,0
101,1009,4,1,4,6,5100,7,850,8,510,99,1000,0,0,0,0
102,1009,5,1,5,6,7350,7,1225,8,735,99,1000,0,0,0,0
103,1009,6,2,1,6,10050,7,1675,8,1005,99,1000,0,0,0,0
104,1009,7,2,2,6,13200,7,2200,8,1320,99,1000,0,0,0,0
105,1009,8,2,3,6,16800,7,2800,8,1680,99,1000,0,0,0,0
106,1009,9,2,4,6,20850,7,3475,8,2085,99,1000,0,0,0,0
107,1009,10,2,5,6,25350,7,4225,8,2535,99,1000,0,0,0,0
108,1009,11,3,1,6,30300,7,5050,8,3030,99,1000,0,0,0,0
109,1009,12,3,2,6,35700,7,5950,8,3570,99,1000,0,0,0,0
110,1009,13,3,3,6,41550,7,6925,8,4155,99,1000,0,0,0,0
111,1009,14,3,4,6,47850,7,7975,8,4785,99,1000,0,0,0,0
112,1009,15,3,5,6,54600,7,9100,8,5460,99,1000,0,0,0,0
113,1010,0,0,0,6,600,7,100,8,60,99,1000,0,0,0,0
114,1010,1,1,1,6,1050,7,175,8,105,99,1000,0,0,0,0
115,1010,2,1,2,6,1950,7,325,8,195,99,1000,0,0,0,0
116,1010,3,1,3,6,3300,7,550,8,330,99,1000,0,0,0,0
117,1010,4,1,4,6,5100,7,850,8,510,99,1000,0,0,0,0
118,1010,5,1,5,6,7350,7,1225,8,735,99,1000,0,0,0,0
119,1010,6,2,1,6,10050,7,1675,8,1005,99,1000,0,0,0,0
120,1010,7,2,2,6,13200,7,2200,8,1320,99,1000,0,0,0,0
121,1010,8,2,3,6,16800,7,2800,8,1680,99,1000,0,0,0,0
122,1010,9,2,4,6,20850,7,3475,8,2085,99,1000,0,0,0,0
123,1010,10,2,5,6,25350,7,4225,8,2535,99,1000,0,0,0,0
124,1010,11,3,1,6,30300,7,5050,8,3030,99,1000,0,0,0,0
125,1010,12,3,2,6,35700,7,5950,8,3570,99,1000,0,0,0,0
126,1010,13,3,3,6,41550,7,6925,8,4155,99,1000,0,0,0,0
127,1010,14,3,4,6,47850,7,7975,8,4785,99,1000,0,0,0,0
128,1010,15,3,5,6,54600,7,9100,8,5460,99,1000,0,0,0,0
129,1012,0,0,0,6,600,7,100,8,60,99,1000,0,0,0,0
130,1012,1,1,1,6,1050,7,175,8,105,99,1000,0,0,0,0
131,1012,2,1,2,6,1950,7,325,8,195,99,1000,0,0,0,0
132,1012,3,1,3,6,3300,7,550,8,330,99,1000,0,0,0,0
133,1012,4,1,4,6,5100,7,850,8,510,99,1000,0,0,0,0
134,1012,5,1,5,6,7350,7,1225,8,735,99,1000,0,0,0,0
135,1012,6,2,1,6,10050,7,1675,8,1005,99,1000,0,0,0,0
136,1012,7,2,2,6,13200,7,2200,8,1320,99,1000,0,0,0,0
137,1012,8,2,3,6,16800,7,2800,8,1680,99,1000,0,0,0,0
138,1012,9,2,4,6,20850,7,3475,8,2085,99,1000,0,0,0,0
139,1012,10,2,5,6,25350,7,4225,8,2535,99,1000,0,0,0,0
140,1012,11,3,1,6,30300,7,5050,8,3030,99,1000,0,0,0,0
141,1012,12,3,2,6,35700,7,5950,8,3570,99,1000,0,0,0,0
142,1012,13,3,3,6,41550,7,6925,8,4155,99,1000,0,0,0,0
143,1012,14,3,4,6,47850,7,7975,8,4785,99,1000,0,0,0,0
144,1012,15,3,5,6,54600,7,9100,8,5460,99,1000,0,0,0,0
145,1013,0,0,0,6,600,7,100,8,60,99,1000,0,0,0,0
146,1013,1,1,1,6,1050,7,175,8,105,99,1000,0,0,0,0
147,1013,2,1,2,6,1950,7,325,8,195,99,1000,0,0,0,0
148,1013,3,1,3,6,3300,7,550,8,330,99,1000,0,0,0,0
149,1013,4,1,4,6,5100,7,850,8,510,99,1000,0,0,0,0
150,1013,5,1,5,6,7350,7,1225,8,735,99,1000,0,0,0,0
151,1013,6,2,1,6,10050,7,1675,8,1005,99,1000,0,0,0,0
152,1013,7,2,2,6,13200,7,2200,8,1320,99,1000,0,0,0,0
153,1013,8,2,3,6,16800,7,2800,8,1680,99,1000,0,0,0,0
154,1013,9,2,4,6,20850,7,3475,8,2085,99,1000,0,0,0,0
155,1013,10,2,5,6,25350,7,4225,8,2535,99,1000,0,0,0,0
156,1013,11,3,1,6,30300,7,5050,8,3030,99,1000,0,0,0,0
157,1013,12,3,2,6,35700,7,5950,8,3570,99,1000,0,0,0,0
158,1013,13,3,3,6,41550,7,6925,8,4155,99,1000,0,0,0,0
159,1013,14,3,4,6,47850,7,7975,8,4785,99,1000,0,0,0,0
160,1013,15,3,5,6,54600,7,9100,8,5460,99,1000,0,0,0,0
161,1014,0,0,0,6,600,7,100,8,60,99,1000,0,0,0,0
162,1014,1,1,1,6,1050,7,175,8,105,99,1000,0,0,0,0
163,1014,2,1,2,6,1950,7,325,8,195,99,1000,0,0,0,0
164,1014,3,1,3,6,3300,7,550,8,330,99,1000,0,0,0,0
165,1014,4,1,4,6,5100,7,850,8,510,99,1000,0,0,0,0
166,1014,5,1,5,6,7350,7,1225,8,735,99,1000,0,0,0,0
167,1014,6,2,1,6,10050,7,1675,8,1005,99,1000,0,0,0,0
168,1014,7,2,2,6,13200,7,2200,8,1320,99,1000,0,0,0,0
169,1014,8,2,3,6,16800,7,2800,8,1680,99,1000,0,0,0,0
170,1014,9,2,4,6,20850,7,3475,8,2085,99,1000,0,0,0,0
171,1014,10,2,5,6,25350,7,4225,8,2535,99,1000,0,0,0,0
172,1014,11,3,1,6,30300,7,5050,8,3030,99,1000,0,0,0,0
173,1014,12,3,2,6,35700,7,5950,8,3570,99,1000,0,0,0,0
174,1014,13,3,3,6,41550,7,6925,8,4155,99,1000,0,0,0,0
175,1014,14,3,4,6,47850,7,7975,8,4785,99,1000,0,0,0,0
176,1014,15,3,5,6,54600,7,9100,8,5460,99,1000,0,0,0,0
177,1015,0,0,0,6,600,7,100,8,60,99,1000,0,0,0,0
178,1015,1,1,1,6,1050,7,175,8,105,99,1000,0,0,0,0
179,1015,2,1,2,6,1950,7,325,8,195,99,1000,0,0,0,0
180,1015,3,1,3,6,3300,7,550,8,330,99,1000,0,0,0,0
181,1015,4,1,4,6,5100,7,850,8,510,99,1000,0,0,0,0
182,1015,5,1,5,6,7350,7,1225,8,735,99,1000,0,0,0,0
183,1015,6,2,1,6,10050,7,1675,8,1005,99,1000,0,0,0,0
184,1015,7,2,2,6,13200,7,2200,8,1320,99,1000,0,0,0,0
185,1015,8,2,3,6,16800,7,2800,8,1680,99,1000,0,0,0,0
186,1015,9,2,4,6,20850,7,3475,8,2085,99,1000,0,0,0,0
187,1015,10,2,5,6,25350,7,4225,8,2535,99,1000,0,0,0,0
188,1015,11,3,1,6,30300,7,5050,8,3030,99,1000,0,0,0,0
189,1015,12,3,2,6,35700,7,5950,8,3570,99,1000,0,0,0,0
190,1015,13,3,3,6,41550,7,6925,8,4155,99,1000,0,0,0,0
191,1015,14,3,4,6,47850,7,7975,8,4785,99,1000,0,0,0,0
192,1015,15,3,5,6,54600,7,9100,8,5460,99,1000,0,0,0,0
193,1018,0,0,0,6,600,7,100,8,60,99,1000,0,0,0,0
194,1018,1,1,1,6,1050,7,175,8,105,99,1000,0,0,0,0
195,1018,2,1,2,6,1950,7,325,8,195,99,1000,0,0,0,0
196,1018,3,1,3,6,3300,7,550,8,330,99,1000,0,0,0,0
197,1018,4,1,4,6,5100,7,850,8,510,99,1000,0,0,0,0
198,1018,5,1,5,6,7350,7,1225,8,735,99,1000,0,0,0,0
199,1018,6,2,1,6,10050,7,1675,8,1005,99,1000,0,0,0,0
200,1018,7,2,2,6,13200,7,2200,8,1320,99,1000,0,0,0,0
201,1018,8,2,3,6,16800,7,2800,8,1680,99,1000,0,0,0,0
202,1018,9,2,4,6,20850,7,3475,8,2085,99,1000,0,0,0,0
203,1018,10,2,5,6,25350,7,4225,8,2535,99,1000,0,0,0,0
204,1018,11,3,1,6,30300,7,5050,8,3030,99,1000,0,0,0,0
205,1018,12,3,2,6,35700,7,5950,8,3570,99,1000,0,0,0,0
206,1018,13,3,3,6,41550,7,6925,8,4155,99,1000,0,0,0,0
207,1018,14,3,4,6,47850,7,7975,8,4785,99,1000,0,0,0,0
208,1018,15,3,5,6,54600,7,9100,8,5460,99,1000,0,0,0,0
209,2001,0,0,0,6,600,7,100,8,60,99,1000,0,0,0,0
210,2001,1,1,1,6,1050,7,175,8,105,99,1000,0,0,0,0
211,2001,2,1,2,6,1950,7,325,8,195,99,1000,0,0,0,0
212,2001,3,1,3,6,3300,7,550,8,330,99,1000,0,0,0,0
213,2001,4,1,4,6,5100,7,850,8,510,99,1000,0,0,0,0
214,2001,5,1,5,6,7350,7,1225,8,735,99,1000,0,0,0,0
215,2001,6,2,1,6,10050,7,1675,8,1005,99,1000,0,0,0,0
216,2001,7,2,2,6,13200,7,2200,8,1320,99,1000,0,0,0,0
217,2001,8,2,3,6,16800,7,2800,8,1680,99,1000,0,0,0,0
218,2001,9,2,4,6,20850,7,3475,8,2085,99,1000,0,0,0,0
219,2001,10,2,5,6,25350,7,4225,8,2535,99,1000,0,0,0,0
220,2001,11,3,1,6,30300,7,5050,8,3030,99,1000,0,0,0,0
221,2001,12,3,2,6,35700,7,5950,8,3570,99,1000,0,0,0,0
222,2001,13,3,3,6,41550,7,6925,8,4155,99,1000,0,0,0,0
223,2001,14,3,4,6,47850,7,7975,8,4785,99,1000,0,0,0,0
224,2001,15,3,5,6,54600,7,9100,8,5460,99,1000,0,0,0,0
225,2002,0,0,0,6,600,7,100,8,60,99,1000,0,0,0,0
226,2002,1,1,1,6,1050,7,175,8,105,99,1000,0,0,0,0
227,2002,2,1,2,6,1950,7,325,8,195,99,1000,0,0,0,0
228,2002,3,1,3,6,3300,7,550,8,330,99,1000,0,0,0,0
229,2002,4,1,4,6,5100,7,850,8,510,99,1000,0,0,0,0
230,2002,5,1,5,6,7350,7,1225,8,735,99,1000,0,0,0,0
231,2002,6,2,1,6,10050,7,1675,8,1005,99,1000,0,0,0,0
232,2002,7,2,2,6,13200,7,2200,8,1320,99,1000,0,0,0,0
233,2002,8,2,3,6,16800,7,2800,8,1680,99,1000,0,0,0,0
234,2002,9,2,4,6,20850,7,3475,8,2085,99,1000,0,0,0,0
235,2002,10,2,5,6,25350,7,4225,8,2535,99,1000,0,0,0,0
236,2002,11,3,1,6,30300,7,5050,8,3030,99,1000,0,0,0,0
237,2002,12,3,2,6,35700,7,5950,8,3570,99,1000,0,0,0,0
238,2002,13,3,3,6,41550,7,6925,8,4155,99,1000,0,0,0,0
239,2002,14,3,4,6,47850,7,7975,8,4785,99,1000,0,0,0,0
240,2002,15,3,5,6,54600,7,9100,8,5460,99,1000,0,0,0,0
241,2003,0,0,0,6,600,7,100,8,60,99,1000,0,0,0,0
242,2003,1,1,1,6,1050,7,175,8,105,99,1000,0,0,0,0
243,2003,2,1,2,6,1950,7,325,8,195,99,1000,0,0,0,0
244,2003,3,1,3,6,3300,7,550,8,330,99,1000,0,0,0,0
245,2003,4,1,4,6,5100,7,850,8,510,99,1000,0,0,0,0
246,2003,5,1,5,6,7350,7,1225,8,735,99,1000,0,0,0,0
247,2003,6,2,1,6,10050,7,1675,8,1005,99,1000,0,0,0,0
248,2003,7,2,2,6,13200,7,2200,8,1320,99,1000,0,0,0,0
249,2003,8,2,3,6,16800,7,2800,8,1680,99,1000,0,0,0,0
250,2003,9,2,4,6,20850,7,3475,8,2085,99,1000,0,0,0,0
251,2003,10,2,5,6,25350,7,4225,8,2535,99,1000,0,0,0,0
252,2003,11,3,1,6,30300,7,5050,8,3030,99,1000,0,0,0,0
253,2003,12,3,2,6,35700,7,5950,8,3570,99,1000,0,0,0,0
254,2003,13,3,3,6,41550,7,6925,8,4155,99,1000,0,0,0,0
255,2003,14,3,4,6,47850,7,7975,8,4785,99,1000,0,0,0,0
256,2003,15,3,5,6,54600,7,9100,8,5460,99,1000,0,0,0,0
257,2004,0,0,0,6,600,7,100,8,60,99,1000,0,0,0,0
258,2004,1,1,1,6,1050,7,175,8,105,99,1000,0,0,0,0
259,2004,2,1,2,6,1950,7,325,8,195,99,1000,0,0,0,0
260,2004,3,1,3,6,3300,7,550,8,330,99,1000,0,0,0,0
261,2004,4,1,4,6,5100,7,850,8,510,99,1000,0,0,0,0
262,2004,5,1,5,6,7350,7,1225,8,735,99,1000,0,0,0,0
263,2004,6,2,1,6,10050,7,1675,8,1005,99,1000,0,0,0,0
264,2004,7,2,2,6,13200,7,2200,8,1320,99,1000,0,0,0,0
265,2004,8,2,3,6,16800,7,2800,8,1680,99,1000,0,0,0,0
266,2004,9,2,4,6,20850,7,3475,8,2085,99,1000,0,0,0,0
267,2004,10,2,5,6,25350,7,4225,8,2535,99,1000,0,0,0,0
268,2004,11,3,1,6,30300,7,5050,8,3030,99,1000,0,0,0,0
269,2004,12,3,2,6,35700,7,5950,8,3570,99,1000,0,0,0,0
270,2004,13,3,3,6,41550,7,6925,8,4155,99,1000,0,0,0,0
271,2004,14,3,4,6,47850,7,7975,8,4785,99,1000,0,0,0,0
272,2004,15,3,5,6,54600,7,9100,8,5460,99,1000,0,0,0,0
273,2005,0,0,0,6,600,7,100,8,60,99,1000,0,0,0,0
274,2005,1,1,1,6,1050,7,175,8,105,99,1000,0,0,0,0
275,2005,2,1,2,6,1950,7,325,8,195,99,1000,0,0,0,0
276,2005,3,1,3,6,3300,7,550,8,330,99,1000,0,0,0,0
277,2005,4,1,4,6,5100,7,850,8,510,99,1000,0,0,0,0
278,2005,5,1,5,6,7350,7,1225,8,735,99,1000,0,0,0,0
279,2005,6,2,1,6,10050,7,1675,8,1005,99,1000,0,0,0,0
280,2005,7,2,2,6,13200,7,2200,8,1320,99,1000,0,0,0,0
281,2005,8,2,3,6,16800,7,2800,8,1680,99,1000,0,0,0,0
282,2005,9,2,4,6,20850,7,3475,8,2085,99,1000,0,0,0,0
283,2005,10,2,5,6,25350,7,4225,8,2535,99,1000,0,0,0,0
284,2005,11,3,1,6,30300,7,5050,8,3030,99,1000,0,0,0,0
285,2005,12,3,2,6,35700,7,5950,8,3570,99,1000,0,0,0,0
286,2005,13,3,3,6,41550,7,6925,8,4155,99,1000,0,0,0,0
287,2005,14,3,4,6,47850,7,7975,8,4785,99,1000,0,0,0,0
288,2005,15,3,5,6,54600,7,9100,8,5460,99,1000,0,0,0,0
289,2007,0,0,0,6,600,7,100,8,60,99,1000,0,0,0,0
290,2007,1,1,1,6,1050,7,175,8,105,99,1000,0,0,0,0
291,2007,2,1,2,6,1950,7,325,8,195,99,1000,0,0,0,0
292,2007,3,1,3,6,3300,7,550,8,330,99,1000,0,0,0,0
293,2007,4,1,4,6,5100,7,850,8,510,99,1000,0,0,0,0
294,2007,5,1,5,6,7350,7,1225,8,735,99,1000,0,0,0,0
295,2007,6,2,1,6,10050,7,1675,8,1005,99,1000,0,0,0,0
296,2007,7,2,2,6,13200,7,2200,8,1320,99,1000,0,0,0,0
297,2007,8,2,3,6,16800,7,2800,8,1680,99,1000,0,0,0,0
298,2007,9,2,4,6,20850,7,3475,8,2085,99,1000,0,0,0,0
299,2007,10,2,5,6,25350,7,4225,8,2535,99,1000,0,0,0,0
300,2007,11,3,1,6,30300,7,5050,8,3030,99,1000,0,0,0,0
301,2007,12,3,2,6,35700,7,5950,8,3570,99,1000,0,0,0,0
302,2007,13,3,3,6,41550,7,6925,8,4155,99,1000,0,0,0,0
303,2007,14,3,4,6,47850,7,7975,8,4785,99,1000,0,0,0,0
304,2007,15,3,5,6,54600,7,9100,8,5460,99,1000,0,0,0,0
305,2008,0,0,0,6,600,7,100,8,60,99,1000,0,0,0,0
306,2008,1,1,1,6,1050,7,175,8,105,99,1000,0,0,0,0
307,2008,2,1,2,6,1950,7,325,8,195,99,1000,0,0,0,0
308,2008,3,1,3,6,3300,7,550,8,330,99,1000,0,0,0,0
309,2008,4,1,4,6,5100,7,850,8,510,99,1000,0,0,0,0
310,2008,5,1,5,6,7350,7,1225,8,735,99,1000,0,0,0,0
311,2008,6,2,1,6,10050,7,1675,8,1005,99,1000,0,0,0,0
312,2008,7,2,2,6,13200,7,2200,8,1320,99,1000,0,0,0,0
313,2008,8,2,3,6,16800,7,2800,8,1680,99,1000,0,0,0,0
314,2008,9,2,4,6,20850,7,3475,8,2085,99,1000,0,0,0,0
315,2008,10,2,5,6,25350,7,4225,8,2535,99,1000,0,0,0,0
316,2008,11,3,1,6,30300,7,5050,8,3030,99,1000,0,0,0,0
317,2008,12,3,2,6,35700,7,5950,8,3570,99,1000,0,0,0,0
318,2008,13,3,3,6,41550,7,6925,8,4155,99,1000,0,0,0,0
319,2008,14,3,4,6,47850,7,7975,8,4785,99,1000,0,0,0,0
320,2008,15,3,5,6,54600,7,9100,8,5460,99,1000,0,0,0,0
321,2010,0,0,0,6,600,7,100,8,60,99,1000,0,0,0,0
322,2010,1,1,1,6,1050,7,175,8,105,99,1000,0,0,0,0
323,2010,2,1,2,6,1950,7,325,8,195,99,1000,0,0,0,0
324,2010,3,1,3,6,3300,7,550,8,330,99,1000,0,0,0,0
325,2010,4,1,4,6,5100,7,850,8,510,99,1000,0,0,0,0
326,2010,5,1,5,6,7350,7,1225,8,735,99,1000,0,0,0,0
327,2010,6,2,1,6,10050,7,1675,8,1005,99,1000,0,0,0,0
328,2010,7,2,2,6,13200,7,2200,8,1320,99,1000,0,0,0,0
329,2010,8,2,3,6,16800,7,2800,8,1680,99,1000,0,0,0,0
330,2010,9,2,4,6,20850,7,3475,8,2085,99,1000,0,0,0,0
331,2010,10,2,5,6,25350,7,4225,8,2535,99,1000,0,0,0,0
332,2010,11,3,1,6,30300,7,5050,8,3030,99,1000,0,0,0,0
333,2010,12,3,2,6,35700,7,5950,8,3570,99,1000,0,0,0,0
334,2010,13,3,3,6,41550,7,6925,8,4155,99,1000,0,0,0,0
335,2010,14,3,4,6,47850,7,7975,8,4785,99,1000,0,0,0,0
336,2010,15,3,5,6,54600,7,9100,8,5460,99,1000,0,0,0,0
337,2011,0,0,0,6,600,7,100,8,60,99,1000,0,0,0,0
338,2011,1,1,1,6,1050,7,175,8,105,99,1000,0,0,0,0
339,2011,2,1,2,6,1950,7,325,8,195,99,1000,0,0,0,0
340,2011,3,1,3,6,3300,7,550,8,330,99,1000,0,0,0,0
341,2011,4,1,4,6,5100,7,850,8,510,99,1000,0,0,0,0
342,2011,5,1,5,6,7350,7,1225,8,735,99,1000,0,0,0,0
343,2011,6,2,1,6,10050,7,1675,8,1005,99,1000,0,0,0,0
344,2011,7,2,2,6,13200,7,2200,8,1320,99,1000,0,0,0,0
345,2011,8,2,3,6,16800,7,2800,8,1680,99,1000,0,0,0,0
346,2011,9,2,4,6,20850,7,3475,8,2085,99,1000,0,0,0,0
347,2011,10,2,5,6,25350,7,4225,8,2535,99,1000,0,0,0,0
348,2011,11,3,1,6,30300,7,5050,8,3030,99,1000,0,0,0,0
349,2011,12,3,2,6,35700,7,5950,8,3570,99,1000,0,0,0,0
350,2011,13,3,3,6,41550,7,6925,8,4155,99,1000,0,0,0,0
351,2011,14,3,4,6,47850,7,7975,8,4785,99,1000,0,0,0,0
352,2011,15,3,5,6,54600,7,9100,8,5460,99,1000,0,0,0,0
353,2012,0,0,0,6,600,7,100,8,60,99,1000,0,0,0,0
354,2012,1,1,1,6,1050,7,175,8,105,99,1000,0,0,0,0
355,2012,2,1,2,6,1950,7,325,8,195,99,1000,0,0,0,0
356,2012,3,1,3,6,3300,7,550,8,330,99,1000,0,0,0,0
357,2012,4,1,4,6,5100,7,850,8,510,99,1000,0,0,0,0
358,2012,5,1,5,6,7350,7,1225,8,735,99,1000,0,0,0,0
359,2012,6,2,1,6,10050,7,1675,8,1005,99,1000,0,0,0,0
360,2012,7,2,2,6,13200,7,2200,8,1320,99,1000,0,0,0,0
361,2012,8,2,3,6,16800,7,2800,8,1680,99,1000,0,0,0,0
362,2012,9,2,4,6,20850,7,3475,8,2085,99,1000,0,0,0,0
363,2012,10,2,5,6,25350,7,4225,8,2535,99,1000,0,0,0,0
364,2012,11,3,1,6,30300,7,5050,8,3030,99,1000,0,0,0,0
365,2012,12,3,2,6,35700,7,5950,8,3570,99,1000,0,0,0,0
366,2012,13,3,3,6,41550,7,6925,8,4155,99,1000,0,0,0,0
367,2012,14,3,4,6,47850,7,7975,8,4785,99,1000,0,0,0,0
368,2012,15,3,5,6,54600,7,9100,8,5460,99,1000,0,0,0,0
369,2013,0,0,0,6,600,7,100,8,60,99,1000,0,0,0,0
370,2013,1,1,1,6,1050,7,175,8,105,99,1000,0,0,0,0
371,2013,2,1,2,6,1950,7,325,8,195,99,1000,0,0,0,0
372,2013,3,1,3,6,3300,7,550,8,330,99,1000,0,0,0,0
373,2013,4,1,4,6,5100,7,850,8,510,99,1000,0,0,0,0
374,2013,5,1,5,6,7350,7,1225,8,735,99,1000,0,0,0,0
375,2013,6,2,1,6,10050,7,1675,8,1005,99,1000,0,0,0,0
376,2013,7,2,2,6,13200,7,2200,8,1320,99,1000,0,0,0,0
377,2013,8,2,3,6,16800,7,2800,8,1680,99,1000,0,0,0,0
378,2013,9,2,4,6,20850,7,3475,8,2085,99,1000,0,0,0,0
379,2013,10,2,5,6,25350,7,4225,8,2535,99,1000,0,0,0,0
380,2013,11,3,1,6,30300,7,5050,8,3030,99,1000,0,0,0,0
381,2013,12,3,2,6,35700,7,5950,8,3570,99,1000,0,0,0,0
382,2013,13,3,3,6,41550,7,6925,8,4155,99,1000,0,0,0,0
383,2013,14,3,4,6,47850,7,7975,8,4785,99,1000,0,0,0,0
384,2013,15,3,5,6,54600,7,9100,8,5460,99,1000,0,0,0,0
385,3001,0,0,0,6,600,7,100,8,60,99,1000,0,0,0,0
386,3001,1,1,1,6,1050,7,175,8,105,99,1000,0,0,0,0
387,3001,2,1,2,6,1950,7,325,8,195,99,1000,0,0,0,0
388,3001,3,1,3,6,3300,7,550,8,330,99,1000,0,0,0,0
389,3001,4,1,4,6,5100,7,850,8,510,99,1000,0,0,0,0
390,3001,5,1,5,6,7350,7,1225,8,735,99,1000,0,0,0,0
391,3001,6,2,1,6,10050,7,1675,8,1005,99,1000,0,0,0,0
392,3001,7,2,2,6,13200,7,2200,8,1320,99,1000,0,0,0,0
393,3001,8,2,3,6,16800,7,2800,8,1680,99,1000,0,0,0,0
394,3001,9,2,4,6,20850,7,3475,8,2085,99,1000,0,0,0,0
395,3001,10,2,5,6,25350,7,4225,8,2535,99,1000,0,0,0,0
396,3001,11,3,1,6,30300,7,5050,8,3030,99,1000,0,0,0,0
397,3001,12,3,2,6,35700,7,5950,8,3570,99,1000,0,0,0,0
398,3001,13,3,3,6,41550,7,6925,8,4155,99,1000,0,0,0,0
399,3001,14,3,4,6,47850,7,7975,8,4785,99,1000,0,0,0,0
400,3001,15,3,5,6,54600,7,9100,8,5460,99,1000,0,0,0,0
401,3002,0,0,0,6,600,7,100,8,60,99,1000,0,0,0,0
402,3002,1,1,1,6,1050,7,175,8,105,99,1000,0,0,0,0
403,3002,2,1,2,6,1950,7,325,8,195,99,1000,0,0,0,0
404,3002,3,1,3,6,3300,7,550,8,330,99,1000,0,0,0,0
405,3002,4,1,4,6,5100,7,850,8,510,99,1000,0,0,0,0
406,3002,5,1,5,6,7350,7,1225,8,735,99,1000,0,0,0,0
407,3002,6,2,1,6,10050,7,1675,8,1005,99,1000,0,0,0,0
408,3002,7,2,2,6,13200,7,2200,8,1320,99,1000,0,0,0,0
409,3002,8,2,3,6,16800,7,2800,8,1680,99,1000,0,0,0,0
410,3002,9,2,4,6,20850,7,3475,8,2085,99,1000,0,0,0,0
411,3002,10,2,5,6,25350,7,4225,8,2535,99,1000,0,0,0,0
412,3002,11,3,1,6,30300,7,5050,8,3030,99,1000,0,0,0,0
413,3002,12,3,2,6,35700,7,5950,8,3570,99,1000,0,0,0,0
414,3002,13,3,3,6,41550,7,6925,8,4155,99,1000,0,0,0,0
415,3002,14,3,4,6,47850,7,7975,8,4785,99,1000,0,0,0,0
416,3002,15,3,5,6,54600,7,9100,8,5460,99,1000,0,0,0,0
417,3003,0,0,0,6,600,7,100,8,60,99,1000,0,0,0,0
418,3003,1,1,1,6,1050,7,175,8,105,99,1000,0,0,0,0
419,3003,2,1,2,6,1950,7,325,8,195,99,1000,0,0,0,0
420,3003,3,1,3,6,3300,7,550,8,330,99,1000,0,0,0,0
421,3003,4,1,4,6,5100,7,850,8,510,99,1000,0,0,0,0
422,3003,5,1,5,6,7350,7,1225,8,735,99,1000,0,0,0,0
423,3003,6,2,1,6,10050,7,1675,8,1005,99,1000,0,0,0,0
424,3003,7,2,2,6,13200,7,2200,8,1320,99,1000,0,0,0,0
425,3003,8,2,3,6,16800,7,2800,8,1680,99,1000,0,0,0,0
426,3003,9,2,4,6,20850,7,3475,8,2085,99,1000,0,0,0,0
427,3003,10,2,5,6,25350,7,4225,8,2535,99,1000,0,0,0,0
428,3003,11,3,1,6,30300,7,5050,8,3030,99,1000,0,0,0,0
429,3003,12,3,2,6,35700,7,5950,8,3570,99,1000,0,0,0,0
430,3003,13,3,3,6,41550,7,6925,8,4155,99,1000,0,0,0,0
431,3003,14,3,4,6,47850,7,7975,8,4785,99,1000,0,0,0,0
432,3003,15,3,5,6,54600,7,9100,8,5460,99,1000,0,0,0,0
433,3004,0,0,0,6,600,7,100,8,60,99,1000,0,0,0,0
434,3004,1,1,1,6,1050,7,175,8,105,99,1000,0,0,0,0
435,3004,2,1,2,6,1950,7,325,8,195,99,1000,0,0,0,0
436,3004,3,1,3,6,3300,7,550,8,330,99,1000,0,0,0,0
437,3004,4,1,4,6,5100,7,850,8,510,99,1000,0,0,0,0
438,3004,5,1,5,6,7350,7,1225,8,735,99,1000,0,0,0,0
439,3004,6,2,1,6,10050,7,1675,8,1005,99,1000,0,0,0,0
440,3004,7,2,2,6,13200,7,2200,8,1320,99,1000,0,0,0,0
441,3004,8,2,3,6,16800,7,2800,8,1680,99,1000,0,0,0,0
442,3004,9,2,4,6,20850,7,3475,8,2085,99,1000,0,0,0,0
443,3004,10,2,5,6,25350,7,4225,8,2535,99,1000,0,0,0,0
444,3004,11,3,1,6,30300,7,5050,8,3030,99,1000,0,0,0,0
445,3004,12,3,2,6,35700,7,5950,8,3570,99,1000,0,0,0,0
446,3004,13,3,3,6,41550,7,6925,8,4155,99,1000,0,0,0,0
447,3004,14,3,4,6,47850,7,7975,8,4785,99,1000,0,0,0,0
448,3004,15,3,5,6,54600,7,9100,8,5460,99,1000,0,0,0,0
449,3006,0,0,0,6,600,7,100,8,60,99,1000,0,0,0,0
450,3006,1,1,1,6,1050,7,175,8,105,99,1000,0,0,0,0
451,3006,2,1,2,6,1950,7,325,8,195,99,1000,0,0,0,0
452,3006,3,1,3,6,3300,7,550,8,330,99,1000,0,0,0,0
453,3006,4,1,4,6,5100,7,850,8,510,99,1000,0,0,0,0
454,3006,5,1,5,6,7350,7,1225,8,735,99,1000,0,0,0,0
455,3006,6,2,1,6,10050,7,1675,8,1005,99,1000,0,0,0,0
456,3006,7,2,2,6,13200,7,2200,8,1320,99,1000,0,0,0,0
457,3006,8,2,3,6,16800,7,2800,8,1680,99,1000,0,0,0,0
458,3006,9,2,4,6,20850,7,3475,8,2085,99,1000,0,0,0,0
459,3006,10,2,5,6,25350,7,4225,8,2535,99,1000,0,0,0,0
460,3006,11,3,1,6,30300,7,5050,8,3030,99,1000,0,0,0,0
461,3006,12,3,2,6,35700,7,5950,8,3570,99,1000,0,0,0,0
462,3006,13,3,3,6,41550,7,6925,8,4155,99,1000,0,0,0,0
463,3006,14,3,4,6,47850,7,7975,8,4785,99,1000,0,0,0,0
464,3006,15,3,5,6,54600,7,9100,8,5460,99,1000,0,0,0,0
465,3008,0,0,0,6,600,7,100,8,60,99,1000,0,0,0,0
466,3008,1,1,1,6,1050,7,175,8,105,99,1000,0,0,0,0
467,3008,2,1,2,6,1950,7,325,8,195,99,1000,0,0,0,0
468,3008,3,1,3,6,3300,7,550,8,330,99,1000,0,0,0,0
469,3008,4,1,4,6,5100,7,850,8,510,99,1000,0,0,0,0
470,3008,5,1,5,6,7350,7,1225,8,735,99,1000,0,0,0,0
471,3008,6,2,1,6,10050,7,1675,8,1005,99,1000,0,0,0,0
472,3008,7,2,2,6,13200,7,2200,8,1320,99,1000,0,0,0,0
473,3008,8,2,3,6,16800,7,2800,8,1680,99,1000,0,0,0,0
474,3008,9,2,4,6,20850,7,3475,8,2085,99,1000,0,0,0,0
475,3008,10,2,5,6,25350,7,4225,8,2535,99,1000,0,0,0,0
476,3008,11,3,1,6,30300,7,5050,8,3030,99,1000,0,0,0,0
477,3008,12,3,2,6,35700,7,5950,8,3570,99,1000,0,0,0,0
478,3008,13,3,3,6,41550,7,6925,8,4155,99,1000,0,0,0,0
479,3008,14,3,4,6,47850,7,7975,8,4785,99,1000,0,0,0,0
480,3008,15,3,5,6,54600,7,9100,8,5460,99,1000,0,0,0,0
481,3009,0,0,0,6,600,7,100,8,60,99,1000,0,0,0,0
482,3009,1,1,1,6,1050,7,175,8,105,99,1000,0,0,0,0
483,3009,2,1,2,6,1950,7,325,8,195,99,1000,0,0,0,0
484,3009,3,1,3,6,3300,7,550,8,330,99,1000,0,0,0,0
485,3009,4,1,4,6,5100,7,850,8,510,99,1000,0,0,0,0
486,3009,5,1,5,6,7350,7,1225,8,735,99,1000,0,0,0,0
487,3009,6,2,1,6,10050,7,1675,8,1005,99,1000,0,0,0,0
488,3009,7,2,2,6,13200,7,2200,8,1320,99,1000,0,0,0,0
489,3009,8,2,3,6,16800,7,2800,8,1680,99,1000,0,0,0,0
490,3009,9,2,4,6,20850,7,3475,8,2085,99,1000,0,0,0,0
491,3009,10,2,5,6,25350,7,4225,8,2535,99,1000,0,0,0,0
492,3009,11,3,1,6,30300,7,5050,8,3030,99,1000,0,0,0,0
493,3009,12,3,2,6,35700,7,5950,8,3570,99,1000,0,0,0,0
494,3009,13,3,3,6,41550,7,6925,8,4155,99,1000,0,0,0,0
495,3009,14,3,4,6,47850,7,7975,8,4785,99,1000,0,0,0,0
496,3009,15,3,5,6,54600,7,9100,8,5460,99,1000,0,0,0,0
497,3010,0,0,0,6,600,7,100,8,60,99,1000,0,0,0,0
498,3010,1,1,1,6,1050,7,175,8,105,99,1000,0,0,0,0
499,3010,2,1,2,6,1950,7,325,8,195,99,1000,0,0,0,0
500,3010,3,1,3,6,3300,7,550,8,330,99,1000,0,0,0,0
501,3010,4,1,4,6,5100,7,850,8,510,99,1000,0,0,0,0
502,3010,5,1,5,6,7350,7,1225,8,735,99,1000,0,0,0,0
503,3010,6,2,1,6,10050,7,1675,8,1005,99,1000,0,0,0,0
504,3010,7,2,2,6,13200,7,2200,8,1320,99,1000,0,0,0,0
505,3010,8,2,3,6,16800,7,2800,8,1680,99,1000,0,0,0,0
506,3010,9,2,4,6,20850,7,3475,8,2085,99,1000,0,0,0,0
507,3010,10,2,5,6,25350,7,4225,8,2535,99,1000,0,0,0,0
508,3010,11,3,1,6,30300,7,5050,8,3030,99,1000,0,0,0,0
509,3010,12,3,2,6,35700,7,5950,8,3570,99,1000,0,0,0,0
510,3010,13,3,3,6,41550,7,6925,8,4155,99,1000,0,0,0,0
511,3010,14,3,4,6,47850,7,7975,8,4785,99,1000,0,0,0,0
512,3010,15,3,5,6,54600,7,9100,8,5460,99,1000,0,0,0,0
513,3011,0,0,0,6,600,7,100,8,60,99,1000,0,0,0,0
514,3011,1,1,1,6,1050,7,175,8,105,99,1000,0,0,0,0
515,3011,2,1,2,6,1950,7,325,8,195,99,1000,0,0,0,0
516,3011,3,1,3,6,3300,7,550,8,330,99,1000,0,0,0,0
517,3011,4,1,4,6,5100,7,850,8,510,99,1000,0,0,0,0
518,3011,5,1,5,6,7350,7,1225,8,735,99,1000,0,0,0,0
519,3011,6,2,1,6,10050,7,1675,8,1005,99,1000,0,0,0,0
520,3011,7,2,2,6,13200,7,2200,8,1320,99,1000,0,0,0,0
521,3011,8,2,3,6,16800,7,2800,8,1680,99,1000,0,0,0,0
522,3011,9,2,4,6,20850,7,3475,8,2085,99,1000,0,0,0,0
523,3011,10,2,5,6,25350,7,4225,8,2535,99,1000,0,0,0,0
524,3011,11,3,1,6,30300,7,5050,8,3030,99,1000,0,0,0,0
525,3011,12,3,2,6,35700,7,5950,8,3570,99,1000,0,0,0,0
526,3011,13,3,3,6,41550,7,6925,8,4155,99,1000,0,0,0,0
527,3011,14,3,4,6,47850,7,7975,8,4785,99,1000,0,0,0,0
528,3011,15,3,5,6,54600,7,9100,8,5460,99,1000,0,0,0,0
529,3012,0,0,0,6,600,7,100,8,60,99,1000,0,0,0,0
530,3012,1,1,1,6,1050,7,175,8,105,99,1000,0,0,0,0
531,3012,2,1,2,6,1950,7,325,8,195,99,1000,0,0,0,0
532,3012,3,1,3,6,3300,7,550,8,330,99,1000,0,0,0,0
533,3012,4,1,4,6,5100,7,850,8,510,99,1000,0,0,0,0
534,3012,5,1,5,6,7350,7,1225,8,735,99,1000,0,0,0,0
535,3012,6,2,1,6,10050,7,1675,8,1005,99,1000,0,0,0,0
536,3012,7,2,2,6,13200,7,2200,8,1320,99,1000,0,0,0,0
537,3012,8,2,3,6,16800,7,2800,8,1680,99,1000,0,0,0,0
538,3012,9,2,4,6,20850,7,3475,8,2085,99,1000,0,0,0,0
539,3012,10,2,5,6,25350,7,4225,8,2535,99,1000,0,0,0,0
540,3012,11,3,1,6,30300,7,5050,8,3030,99,1000,0,0,0,0
541,3012,12,3,2,6,35700,7,5950,8,3570,99,1000,0,0,0,0
542,3012,13,3,3,6,41550,7,6925,8,4155,99,1000,0,0,0,0
543,3012,14,3,4,6,47850,7,7975,8,4785,99,1000,0,0,0,0
544,3012,15,3,5,6,54600,7,9100,8,5460,99,1000,0,0,0,0
545,4001,0,0,0,6,600,7,100,8,60,99,1000,0,0,0,0
546,4001,1,1,1,6,1050,7,175,8,105,99,1000,0,0,0,0
547,4001,2,1,2,6,1950,7,325,8,195,99,1000,0,0,0,0
548,4001,3,1,3,6,3300,7,550,8,330,99,1000,0,0,0,0
549,4001,4,1,4,6,5100,7,850,8,510,99,1000,0,0,0,0
550,4001,5,1,5,6,7350,7,1225,8,735,99,1000,0,0,0,0
551,4001,6,2,1,6,10050,7,1675,8,1005,99,1000,0,0,0,0
552,4001,7,2,2,6,13200,7,2200,8,1320,99,1000,0,0,0,0
553,4001,8,2,3,6,16800,7,2800,8,1680,99,1000,0,0,0,0
554,4001,9,2,4,6,20850,7,3475,8,2085,99,1000,0,0,0,0
555,4001,10,2,5,6,25350,7,4225,8,2535,99,1000,0,0,0,0
556,4001,11,3,1,6,30300,7,5050,8,3030,99,1000,0,0,0,0
557,4001,12,3,2,6,35700,7,5950,8,3570,99,1000,0,0,0,0
558,4001,13,3,3,6,41550,7,6925,8,4155,99,1000,0,0,0,0
559,4001,14,3,4,6,47850,7,7975,8,4785,99,1000,0,0,0,0
560,4001,15,3,5,6,54600,7,9100,8,5460,99,1000,0,0,0,0
561,4002,0,0,0,6,600,7,100,8,60,99,1000,0,0,0,0
562,4002,1,1,1,6,1050,7,175,8,105,99,1000,0,0,0,0
563,4002,2,1,2,6,1950,7,325,8,195,99,1000,0,0,0,0
564,4002,3,1,3,6,3300,7,550,8,330,99,1000,0,0,0,0
565,4002,4,1,4,6,5100,7,850,8,510,99,1000,0,0,0,0
566,4002,5,1,5,6,7350,7,1225,8,735,99,1000,0,0,0,0
567,4002,6,2,1,6,10050,7,1675,8,1005,99,1000,0,0,0,0
568,4002,7,2,2,6,13200,7,2200,8,1320,99,1000,0,0,0,0
569,4002,8,2,3,6,16800,7,2800,8,1680,99,1000,0,0,0,0
570,4002,9,2,4,6,20850,7,3475,8,2085,99,1000,0,0,0,0
571,4002,10,2,5,6,25350,7,4225,8,2535,99,1000,0,0,0,0
572,4002,11,3,1,6,30300,7,5050,8,3030,99,1000,0,0,0,0
573,4002,12,3,2,6,35700,7,5950,8,3570,99,1000,0,0,0,0
574,4002,13,3,3,6,41550,7,6925,8,4155,99,1000,0,0,0,0
575,4002,14,3,4,6,47850,7,7975,8,4785,99,1000,0,0,0,0
576,4002,15,3,5,6,54600,7,9100,8,5460,99,1000,0,0,0,0
577,4003,0,0,0,6,600,7,100,8,60,99,1000,0,0,0,0
578,4003,1,1,1,6,1050,7,175,8,105,99,1000,0,0,0,0
579,4003,2,1,2,6,1950,7,325,8,195,99,1000,0,0,0,0
580,4003,3,1,3,6,3300,7,550,8,330,99,1000,0,0,0,0
581,4003,4,1,4,6,5100,7,850,8,510,99,1000,0,0,0,0
582,4003,5,1,5,6,7350,7,1225,8,735,99,1000,0,0,0,0
583,4003,6,2,1,6,10050,7,1675,8,1005,99,1000,0,0,0,0
584,4003,7,2,2,6,13200,7,2200,8,1320,99,1000,0,0,0,0
585,4003,8,2,3,6,16800,7,2800,8,1680,99,1000,0,0,0,0
586,4003,9,2,4,6,20850,7,3475,8,2085,99,1000,0,0,0,0
587,4003,10,2,5,6,25350,7,4225,8,2535,99,1000,0,0,0,0
588,4003,11,3,1,6,30300,7,5050,8,3030,99,1000,0,0,0,0
589,4003,12,3,2,6,35700,7,5950,8,3570,99,1000,0,0,0,0
590,4003,13,3,3,6,41550,7,6925,8,4155,99,1000,0,0,0,0
591,4003,14,3,4,6,47850,7,7975,8,4785,99,1000,0,0,0,0
592,4003,15,3,5,6,54600,7,9100,8,5460,99,1000,0,0,0,0
593,4004,0,0,0,6,600,7,100,8,60,99,1000,0,0,0,0
594,4004,1,1,1,6,1050,7,175,8,105,99,1000,0,0,0,0
595,4004,2,1,2,6,1950,7,325,8,195,99,1000,0,0,0,0
596,4004,3,1,3,6,3300,7,550,8,330,99,1000,0,0,0,0
597,4004,4,1,4,6,5100,7,850,8,510,99,1000,0,0,0,0
598,4004,5,1,5,6,7350,7,1225,8,735,99,1000,0,0,0,0
599,4004,6,2,1,6,10050,7,1675,8,1005,99,1000,0,0,0,0
600,4004,7,2,2,6,13200,7,2200,8,1320,99,1000,0,0,0,0
601,4004,8,2,3,6,16800,7,2800,8,1680,99,1000,0,0,0,0
602,4004,9,2,4,6,20850,7,3475,8,2085,99,1000,0,0,0,0
603,4004,10,2,5,6,25350,7,4225,8,2535,99,1000,0,0,0,0
604,4004,11,3,1,6,30300,7,5050,8,3030,99,1000,0,0,0,0
605,4004,12,3,2,6,35700,7,5950,8,3570,99,1000,0,0,0,0
606,4004,13,3,3,6,41550,7,6925,8,4155,99,1000,0,0,0,0
607,4004,14,3,4,6,47850,7,7975,8,4785,99,1000,0,0,0,0
608,4004,15,3,5,6,54600,7,9100,8,5460,99,1000,0,0,0,0
609,4005,0,0,0,6,600,7,100,8,60,99,1000,0,0,0,0
610,4005,1,1,1,6,1050,7,175,8,105,99,1000,0,0,0,0
611,4005,2,1,2,6,1950,7,325,8,195,99,1000,0,0,0,0
612,4005,3,1,3,6,3300,7,550,8,330,99,1000,0,0,0,0
613,4005,4,1,4,6,5100,7,850,8,510,99,1000,0,0,0,0
614,4005,5,1,5,6,7350,7,1225,8,735,99,1000,0,0,0,0
615,4005,6,2,1,6,10050,7,1675,8,1005,99,1000,0,0,0,0
616,4005,7,2,2,6,13200,7,2200,8,1320,99,1000,0,0,0,0
617,4005,8,2,3,6,16800,7,2800,8,1680,99,1000,0,0,0,0
618,4005,9,2,4,6,20850,7,3475,8,2085,99,1000,0,0,0,0
619,4005,10,2,5,6,25350,7,4225,8,2535,99,1000,0,0,0,0
620,4005,11,3,1,6,30300,7,5050,8,3030,99,1000,0,0,0,0
621,4005,12,3,2,6,35700,7,5950,8,3570,99,1000,0,0,0,0
622,4005,13,3,3,6,41550,7,6925,8,4155,99,1000,0,0,0,0
623,4005,14,3,4,6,47850,7,7975,8,4785,99,1000,0,0,0,0
624,4005,15,3,5,6,54600,7,9100,8,5460,99,1000,0,0,0,0
625,4006,0,0,0,6,600,7,100,8,60,99,1000,0,0,0,0
626,4006,1,1,1,6,1050,7,175,8,105,99,1000,0,0,0,0
627,4006,2,1,2,6,1950,7,325,8,195,99,1000,0,0,0,0
628,4006,3,1,3,6,3300,7,550,8,330,99,1000,0,0,0,0
629,4006,4,1,4,6,5100,7,850,8,510,99,1000,0,0,0,0
630,4006,5,1,5,6,7350,7,1225,8,735,99,1000,0,0,0,0
631,4006,6,2,1,6,10050,7,1675,8,1005,99,1000,0,0,0,0
632,4006,7,2,2,6,13200,7,2200,8,1320,99,1000,0,0,0,0
633,4006,8,2,3,6,16800,7,2800,8,1680,99,1000,0,0,0,0
634,4006,9,2,4,6,20850,7,3475,8,2085,99,1000,0,0,0,0
635,4006,10,2,5,6,25350,7,4225,8,2535,99,1000,0,0,0,0
636,4006,11,3,1,6,30300,7,5050,8,3030,99,1000,0,0,0,0
637,4006,12,3,2,6,35700,7,5950,8,3570,99,1000,0,0,0,0
638,4006,13,3,3,6,41550,7,6925,8,4155,99,1000,0,0,0,0
639,4006,14,3,4,6,47850,7,7975,8,4785,99,1000,0,0,0,0
640,4006,15,3,5,6,54600,7,9100,8,5460,99,1000,0,0,0,0
641,4007,0,0,0,6,600,7,100,8,60,99,1000,0,0,0,0
642,4007,1,1,1,6,1050,7,175,8,105,99,1000,0,0,0,0
643,4007,2,1,2,6,1950,7,325,8,195,99,1000,0,0,0,0
644,4007,3,1,3,6,3300,7,550,8,330,99,1000,0,0,0,0
645,4007,4,1,4,6,5100,7,850,8,510,99,1000,0,0,0,0
646,4007,5,1,5,6,7350,7,1225,8,735,99,1000,0,0,0,0
647,4007,6,2,1,6,10050,7,1675,8,1005,99,1000,0,0,0,0
648,4007,7,2,2,6,13200,7,2200,8,1320,99,1000,0,0,0,0
649,4007,8,2,3,6,16800,7,2800,8,1680,99,1000,0,0,0,0
650,4007,9,2,4,6,20850,7,3475,8,2085,99,1000,0,0,0,0
651,4007,10,2,5,6,25350,7,4225,8,2535,99,1000,0,0,0,0
652,4007,11,3,1,6,30300,7,5050,8,3030,99,1000,0,0,0,0
653,4007,12,3,2,6,35700,7,5950,8,3570,99,1000,0,0,0,0
654,4007,13,3,3,6,41550,7,6925,8,4155,99,1000,0,0,0,0
655,4007,14,3,4,6,47850,7,7975,8,4785,99,1000,0,0,0,0
656,4007,15,3,5,6,54600,7,9100,8,5460,99,1000,0,0,0,0
657,4008,0,0,0,6,600,7,100,8,60,99,1000,0,0,0,0
658,4008,1,1,1,6,1050,7,175,8,105,99,1000,0,0,0,0
659,4008,2,1,2,6,1950,7,325,8,195,99,1000,0,0,0,0
660,4008,3,1,3,6,3300,7,550,8,330,99,1000,0,0,0,0
661,4008,4,1,4,6,5100,7,850,8,510,99,1000,0,0,0,0
662,4008,5,1,5,6,7350,7,1225,8,735,99,1000,0,0,0,0
663,4008,6,2,1,6,10050,7,1675,8,1005,99,1000,0,0,0,0
664,4008,7,2,2,6,13200,7,2200,8,1320,99,1000,0,0,0,0
665,4008,8,2,3,6,16800,7,2800,8,1680,99,1000,0,0,0,0
666,4008,9,2,4,6,20850,7,3475,8,2085,99,1000,0,0,0,0
667,4008,10,2,5,6,25350,7,4225,8,2535,99,1000,0,0,0,0
668,4008,11,3,1,6,30300,7,5050,8,3030,99,1000,0,0,0,0
669,4008,12,3,2,6,35700,7,5950,8,3570,99,1000,0,0,0,0
670,4008,13,3,3,6,41550,7,6925,8,4155,99,1000,0,0,0,0
671,4008,14,3,4,6,47850,7,7975,8,4785,99,1000,0,0,0,0
672,4008,15,3,5,6,54600,7,9100,8,5460,99,1000,0,0,0,0
673,4010,0,0,0,6,600,7,100,8,60,99,1000,0,0,0,0
674,4010,1,1,1,6,1050,7,175,8,105,99,1000,0,0,0,0
675,4010,2,1,2,6,1950,7,325,8,195,99,1000,0,0,0,0
676,4010,3,1,3,6,3300,7,550,8,330,99,1000,0,0,0,0
677,4010,4,1,4,6,5100,7,850,8,510,99,1000,0,0,0,0
678,4010,5,1,5,6,7350,7,1225,8,735,99,1000,0,0,0,0
679,4010,6,2,1,6,10050,7,1675,8,1005,99,1000,0,0,0,0
680,4010,7,2,2,6,13200,7,2200,8,1320,99,1000,0,0,0,0
681,4010,8,2,3,6,16800,7,2800,8,1680,99,1000,0,0,0,0
682,4010,9,2,4,6,20850,7,3475,8,2085,99,1000,0,0,0,0
683,4010,10,2,5,6,25350,7,4225,8,2535,99,1000,0,0,0,0
684,4010,11,3,1,6,30300,7,5050,8,3030,99,1000,0,0,0,0
685,4010,12,3,2,6,35700,7,5950,8,3570,99,1000,0,0,0,0
686,4010,13,3,3,6,41550,7,6925,8,4155,99,1000,0,0,0,0
687,4010,14,3,4,6,47850,7,7975,8,4785,99,1000,0,0,0,0
688,4010,15,3,5,6,54600,7,9100,8,5460,99,1000,0,0,0,0
689,4011,0,0,0,6,600,7,100,8,60,99,1000,0,0,0,0
690,4011,1,1,1,6,1050,7,175,8,105,99,1000,0,0,0,0
691,4011,2,1,2,6,1950,7,325,8,195,99,1000,0,0,0,0
692,4011,3,1,3,6,3300,7,550,8,330,99,1000,0,0,0,0
693,4011,4,1,4,6,5100,7,850,8,510,99,1000,0,0,0,0
694,4011,5,1,5,6,7350,7,1225,8,735,99,1000,0,0,0,0
695,4011,6,2,1,6,10050,7,1675,8,1005,99,1000,0,0,0,0
696,4011,7,2,2,6,13200,7,2200,8,1320,99,1000,0,0,0,0
697,4011,8,2,3,6,16800,7,2800,8,1680,99,1000,0,0,0,0
698,4011,9,2,4,6,20850,7,3475,8,2085,99,1000,0,0,0,0
699,4011,10,2,5,6,25350,7,4225,8,2535,99,1000,0,0,0,0
700,4011,11,3,1,6,30300,7,5050,8,3030,99,1000,0,0,0,0
701,4011,12,3,2,6,35700,7,5950,8,3570,99,1000,0,0,0,0
702,4011,13,3,3,6,41550,7,6925,8,4155,99,1000,0,0,0,0
703,4011,14,3,4,6,47850,7,7975,8,4785,99,1000,0,0,0,0
704,4011,15,3,5,6,54600,7,9100,8,5460,99,1000,0,0,0,0
705,4012,0,0,0,6,600,7,100,8,60,99,1000,0,0,0,0
706,4012,1,1,1,6,1050,7,175,8,105,99,1000,0,0,0,0
707,4012,2,1,2,6,1950,7,325,8,195,99,1000,0,0,0,0
708,4012,3,1,3,6,3300,7,550,8,330,99,1000,0,0,0,0
709,4012,4,1,4,6,5100,7,850,8,510,99,1000,0,0,0,0
710,4012,5,1,5,6,7350,7,1225,8,735,99,1000,0,0,0,0
711,4012,6,2,1,6,10050,7,1675,8,1005,99,1000,0,0,0,0
712,4012,7,2,2,6,13200,7,2200,8,1320,99,1000,0,0,0,0
713,4012,8,2,3,6,16800,7,2800,8,1680,99,1000,0,0,0,0
714,4012,9,2,4,6,20850,7,3475,8,2085,99,1000,0,0,0,0
715,4012,10,2,5,6,25350,7,4225,8,2535,99,1000,0,0,0,0
716,4012,11,3,1,6,30300,7,5050,8,3030,99,1000,0,0,0,0
717,4012,12,3,2,6,35700,7,5950,8,3570,99,1000,0,0,0,0
718,4012,13,3,3,6,41550,7,6925,8,4155,99,1000,0,0,0,0
719,4012,14,3,4,6,47850,7,7975,8,4785,99,1000,0,0,0,0
720,4012,15,3,5,6,54600,7,9100,8,5460,99,1000,0,0,0,0
721,5006,0,0,0,6,600,7,100,8,60,99,1000,0,0,0,0
722,5006,1,1,1,6,1050,7,175,8,105,99,1000,0,0,0,0
723,5006,2,1,2,6,1950,7,325,8,195,99,1000,0,0,0,0
724,5006,3,1,3,6,3300,7,550,8,330,99,1000,0,0,0,0
725,5006,4,1,4,6,5100,7,850,8,510,99,1000,0,0,0,0
726,5006,5,1,5,6,7350,7,1225,8,735,99,1000,0,0,0,0
727,5006,6,2,1,6,10050,7,1675,8,1005,99,1000,0,0,0,0
728,5006,7,2,2,6,13200,7,2200,8,1320,99,1000,0,0,0,0
729,5006,8,2,3,6,16800,7,2800,8,1680,99,1000,0,0,0,0
730,5006,9,2,4,6,20850,7,3475,8,2085,99,1000,0,0,0,0
731,5006,10,2,5,6,25350,7,4225,8,2535,99,1000,0,0,0,0
732,5006,11,3,1,6,30300,7,5050,8,3030,99,1000,0,0,0,0
733,5006,12,3,2,6,35700,7,5950,8,3570,99,1000,0,0,0,0
734,5006,13,3,3,6,41550,7,6925,8,4155,99,1000,0,0,0,0
735,5006,14,3,4,6,47850,7,7975,8,4785,99,1000,0,0,0,0
736,5006,15,3,5,6,54600,7,9100,8,5460,99,1000,0,0,0,0
737,6001,0,0,0,6,600,7,100,8,60,99,1000,0,0,0,0
738,6001,1,1,1,6,1050,7,175,8,105,99,1000,0,0,0,0
739,6001,2,1,2,6,1950,7,325,8,195,99,1000,0,0,0,0
740,6001,3,1,3,6,3300,7,550,8,330,99,1000,0,0,0,0
741,6001,4,1,4,6,5100,7,850,8,510,99,1000,0,0,0,0
742,6001,5,1,5,6,7350,7,1225,8,735,99,1000,0,0,0,0
743,6001,6,2,1,6,10050,7,1675,8,1005,99,1000,0,0,0,0
744,6001,7,2,2,6,13200,7,2200,8,1320,99,1000,0,0,0,0
745,6001,8,2,3,6,16800,7,2800,8,1680,99,1000,0,0,0,0
746,6001,9,2,4,6,20850,7,3475,8,2085,99,1000,0,0,0,0
747,6001,10,2,5,6,25350,7,4225,8,2535,99,1000,0,0,0,0
748,6001,11,3,1,6,30300,7,5050,8,3030,99,1000,0,0,0,0
749,6001,12,3,2,6,35700,7,5950,8,3570,99,1000,0,0,0,0
750,6001,13,3,3,6,41550,7,6925,8,4155,99,1000,0,0,0,0
751,6001,14,3,4,6,47850,7,7975,8,4785,99,1000,0,0,0,0
752,6001,15,3,5,6,54600,7,9100,8,5460,99,1000,0,0,0,0
