id,picture,heroid,name,mapid,level,hp,item1,num1,item2,num2,item3,num3,item4,num4,item5,num5,item6,num6
1,plogo1009,1009,黑暗先知,88887,1,2500,91000029,500,0,0,0,0,91000029,50,0,0,0,0
2,plogo1009,1009,黑暗先知,88887,2,2700,91000029,500,0,0,0,0,91000029,50,0,0,0,0
3,plogo1009,1009,黑暗先知,88887,3,2900,91000029,500,0,0,0,0,91000029,50,0,0,0,0
4,plogo1009,1009,黑暗先知,88887,4,3100,91000029,500,0,0,0,0,91000029,50,0,0,0,0
5,plogo1009,1009,黑暗先知,88887,5,3300,91000029,500,0,0,0,0,91000029,50,0,0,0,0
6,plogo1009,1009,黑暗先知,88887,6,3750,91000029,500,0,0,0,0,91000029,50,0,0,0,0
7,plogo1009,1009,黑暗先知,88887,7,3950,91000029,500,0,0,0,0,91000029,50,0,0,0,0
8,plogo1009,1009,黑暗先知,88887,8,4150,91000029,500,0,0,0,0,91000029,50,0,0,0,0
9,plogo1009,1009,黑暗先知,88887,9,4350,91000029,500,0,0,0,0,91000029,50,0,0,0,0
10,plogo1009,1009,黑暗先知,88887,10,4550,91000029,500,0,0,0,0,91000029,50,0,0,0,0
11,plogo1009,1009,黑暗先知,88887,11,5000,91000029,500,0,0,0,0,91000029,50,0,0,0,0
12,plogo1009,1009,黑暗先知,88887,12,5200,91000029,500,0,0,0,0,91000029,50,0,0,0,0
13,plogo1009,1009,黑暗先知,88887,13,5400,91000029,500,0,0,0,0,91000029,50,0,0,0,0
14,plogo1009,1009,黑暗先知,88887,14,5600,91000029,500,0,0,0,0,91000029,50,0,0,0,0
15,plogo1009,1009,黑暗先知,88887,15,5800,91000029,500,0,0,0,0,91000029,50,0,0,0,0
16,plogo1009,1009,黑暗先知,88887,16,6250,91000029,500,0,0,0,0,91000029,50,0,0,0,0
17,plogo1009,1009,黑暗先知,88887,17,6450,91000029,500,0,0,0,0,91000029,50,0,0,0,0
18,plogo1009,1009,黑暗先知,88887,18,6650,91000029,500,0,0,0,0,91000029,50,0,0,0,0
19,plogo1009,1009,黑暗先知,88887,19,6850,91000029,500,0,0,0,0,91000029,50,0,0,0,0
20,plogo1009,1009,黑暗先知,88887,20,7050,91000029,500,0,0,0,0,91000029,50,0,0,0,0
21,plogo1009,1009,黑暗先知,88887,21,8750,91000029,500,0,0,0,0,91000029,50,0,0,0,0
22,plogo1009,1009,黑暗先知,88887,22,8950,91000029,500,0,0,0,0,91000029,50,0,0,0,0
23,plogo1009,1009,黑暗先知,88887,23,9150,91000029,500,0,0,0,0,91000029,50,0,0,0,0
24,plogo1009,1009,黑暗先知,88887,24,9350,91000029,500,0,0,0,0,91000029,50,0,0,0,0
25,plogo1009,1009,黑暗先知,88887,25,9550,91000029,500,0,0,0,0,91000029,50,0,0,0,0
26,plogo1009,1009,黑暗先知,88887,26,10000,91000029,500,0,0,0,0,91000029,50,0,0,0,0
27,plogo1009,1009,黑暗先知,88887,27,10200,91000029,500,0,0,0,0,91000029,50,0,0,0,0
28,plogo1009,1009,黑暗先知,88887,28,10400,91000029,500,0,0,0,0,91000029,50,0,0,0,0
29,plogo1009,1009,黑暗先知,88887,29,10600,91000029,500,0,0,0,0,91000029,50,0,0,0,0
30,plogo1009,1009,黑暗先知,88887,30,10800,91000029,500,0,0,0,0,91000029,50,0,0,0,0
31,plogo1009,1009,黑暗先知,88887,31,12500,91000029,500,0,0,0,0,91000029,50,0,0,0,0
32,plogo1009,1009,黑暗先知,88887,32,12700,91000029,500,0,0,0,0,91000029,50,0,0,0,0
33,plogo1009,1009,黑暗先知,88887,33,12900,91000029,500,0,0,0,0,91000029,50,0,0,0,0
34,plogo1009,1009,黑暗先知,88887,34,13100,91000029,500,0,0,0,0,91000029,50,0,0,0,0
35,plogo1009,1009,黑暗先知,88887,35,13300,91000029,500,0,0,0,0,91000029,50,0,0,0,0
36,plogo1009,1009,黑暗先知,88887,36,13750,91000029,500,0,0,0,0,91000029,50,0,0,0,0
37,plogo1009,1009,黑暗先知,88887,37,13950,91000029,500,0,0,0,0,91000029,50,0,0,0,0
38,plogo1009,1009,黑暗先知,88887,38,14150,91000029,500,0,0,0,0,91000029,50,0,0,0,0
39,plogo1009,1009,黑暗先知,88887,39,14350,91000029,500,0,0,0,0,91000029,50,0,0,0,0
40,plogo1009,1009,黑暗先知,88887,40,14550,91000029,500,0,0,0,0,91000029,50,0,0,0,0
41,plogo1009,1009,黑暗先知,88887,41,15000,91000029,500,0,0,0,0,91000029,50,0,0,0,0
42,plogo1009,1009,黑暗先知,88887,42,15200,91000029,500,0,0,0,0,91000029,50,0,0,0,0
43,plogo1009,1009,黑暗先知,88887,43,15400,91000029,500,0,0,0,0,91000029,50,0,0,0,0
44,plogo1009,1009,黑暗先知,88887,44,15600,91000029,500,0,0,0,0,91000029,50,0,0,0,0
45,plogo1009,1009,黑暗先知,88887,45,15800,91000029,500,0,0,0,0,91000029,50,0,0,0,0
46,plogo1009,1009,黑暗先知,88887,46,17500,91000029,500,0,0,0,0,91000029,50,0,0,0,0
47,plogo1009,1009,黑暗先知,88887,47,17700,91000029,500,0,0,0,0,91000029,50,0,0,0,0
48,plogo1009,1009,黑暗先知,88887,48,17900,91000029,500,0,0,0,0,91000029,50,0,0,0,0
49,plogo1009,1009,黑暗先知,88887,49,18100,91000029,500,0,0,0,0,91000029,50,0,0,0,0
50,plogo1009,1009,黑暗先知,88887,50,18300,91000029,500,0,0,0,0,91000029,50,0,0,0,0
51,plogo1009,1009,黑暗先知,88887,51,20000,91000029,500,0,0,0,0,91000029,50,0,0,0,0
52,plogo1009,1009,黑暗先知,88887,52,20200,91000029,500,0,0,0,0,91000029,50,0,0,0,0
53,plogo1009,1009,黑暗先知,88887,53,20400,91000029,500,0,0,0,0,91000029,50,0,0,0,0
54,plogo1009,1009,黑暗先知,88887,54,20600,91000029,500,0,0,0,0,91000029,50,0,0,0,0
55,plogo1009,1009,黑暗先知,88887,55,20800,91000029,500,0,0,0,0,91000029,50,0,0,0,0
56,plogo1009,1009,黑暗先知,88887,56,22500,91000029,500,0,0,0,0,91000029,50,0,0,0,0
57,plogo1009,1009,黑暗先知,88887,57,22700,91000029,500,0,0,0,0,91000029,50,0,0,0,0
58,plogo1009,1009,黑暗先知,88887,58,22900,91000029,500,0,0,0,0,91000029,50,0,0,0,0
59,plogo1009,1009,黑暗先知,88887,59,23100,91000029,500,0,0,0,0,91000029,50,0,0,0,0
60,plogo1009,1009,黑暗先知,88887,60,23300,91000029,500,0,0,0,0,91000029,50,0,0,0,0
61,plogo1009,1009,黑暗先知,88887,61,25000,91000029,500,0,0,0,0,91000029,50,0,0,0,0
62,plogo1009,1009,黑暗先知,88887,62,25200,91000029,500,0,0,0,0,91000029,50,0,0,0,0
63,plogo1009,1009,黑暗先知,88887,63,25400,91000029,500,0,0,0,0,91000029,50,0,0,0,0
64,plogo1009,1009,黑暗先知,88887,64,25600,91000029,500,0,0,0,0,91000029,50,0,0,0,0
65,plogo1009,1009,黑暗先知,88887,65,25800,91000029,500,0,0,0,0,91000029,50,0,0,0,0
66,plogo1009,1009,黑暗先知,88887,66,27500,91000029,500,0,0,0,0,91000029,50,0,0,0,0
67,plogo1009,1009,黑暗先知,88887,67,30000,91000029,500,0,0,0,0,91000029,50,0,0,0,0
68,plogo1009,1009,黑暗先知,88887,68,32500,91000029,500,0,0,0,0,91000029,50,0,0,0,0
69,plogo1009,1009,黑暗先知,88887,69,35000,91000029,500,0,0,0,0,91000029,50,0,0,0,0
70,plogo1009,1009,黑暗先知,88887,70,37500,91000029,500,0,0,0,0,91000029,50,0,0,0,0
71,plogo1009,1009,黑暗先知,88887,71,42500,91000029,500,0,0,0,0,91000029,50,0,0,0,0
72,plogo1009,1009,黑暗先知,88887,72,47500,91000029,500,0,0,0,0,91000029,50,0,0,0,0
73,plogo1009,1009,黑暗先知,88887,73,52500,91000029,500,0,0,0,0,91000029,50,0,0,0,0
74,plogo1009,1009,黑暗先知,88887,74,57500,91000029,500,0,0,0,0,91000029,50,0,0,0,0
75,plogo1009,1009,黑暗先知,88887,75,62500,91000029,500,0,0,0,0,91000029,50,0,0,0,0
76,plogo1009,1009,黑暗先知,88887,76,67500,91000029,500,0,0,0,0,91000029,50,0,0,0,0
77,plogo1009,1009,黑暗先知,88887,77,72500,91000029,500,0,0,0,0,91000029,50,0,0,0,0
78,plogo1009,1009,黑暗先知,88887,78,77500,91000029,500,0,0,0,0,91000029,50,0,0,0,0
79,plogo1009,1009,黑暗先知,88887,79,82500,91000029,500,0,0,0,0,91000029,50,0,0,0,0
80,plogo1009,1009,黑暗先知,88887,80,87500,91000029,500,0,0,0,0,91000029,50,0,0,0,0
81,plogo1009,1009,黑暗先知,88887,81,95000,91000029,500,0,0,0,0,91000029,50,0,0,0,0
82,plogo1009,1009,黑暗先知,88887,82,102500,91000029,500,0,0,0,0,91000029,50,0,0,0,0
83,plogo1009,1009,黑暗先知,88887,83,110000,91000029,500,0,0,0,0,91000029,50,0,0,0,0
84,plogo1009,1009,黑暗先知,88887,84,117500,91000029,500,0,0,0,0,91000029,50,0,0,0,0
85,plogo1009,1009,黑暗先知,88887,85,125000,91000029,500,0,0,0,0,91000029,50,0,0,0,0
86,plogo1009,1009,黑暗先知,88887,86,132500,91000029,500,0,0,0,0,91000029,50,0,0,0,0
87,plogo1009,1009,黑暗先知,88887,87,140000,91000029,500,0,0,0,0,91000029,50,0,0,0,0
88,plogo1009,1009,黑暗先知,88887,88,147500,91000029,500,0,0,0,0,91000029,50,0,0,0,0
89,plogo1009,1009,黑暗先知,88887,89,155000,91000029,500,0,0,0,0,91000029,50,0,0,0,0
90,plogo1009,1009,黑暗先知,88887,90,162500,91000029,500,0,0,0,0,91000029,50,0,0,0,0
91,plogo1009,1009,黑暗先知,88887,91,172500,91000029,500,0,0,0,0,91000029,50,0,0,0,0
92,plogo1009,1009,黑暗先知,88887,92,182500,91000029,500,0,0,0,0,91000029,50,0,0,0,0
93,plogo1009,1009,黑暗先知,88887,93,192500,91000029,500,0,0,0,0,91000029,50,0,0,0,0
94,plogo1009,1009,黑暗先知,88887,94,202500,91000029,500,0,0,0,0,91000029,50,0,0,0,0
95,plogo1009,1009,黑暗先知,88887,95,212500,91000029,500,0,0,0,0,91000029,50,0,0,0,0
96,plogo1009,1009,黑暗先知,88887,96,222500,91000029,500,0,0,0,0,91000029,50,0,0,0,0
97,plogo1009,1009,黑暗先知,88887,97,232500,91000029,500,0,0,0,0,91000029,50,0,0,0,0
98,plogo1009,1009,黑暗先知,88887,98,242500,91000029,500,0,0,0,0,91000029,50,0,0,0,0
99,plogo1009,1009,黑暗先知,88887,99,252500,91000029,500,0,0,0,0,91000029,50,0,0,0,0
100,plogo1009,1009,黑暗先知,88887,100,262500,91000029,500,0,0,0,0,91000029,50,0,0,0,0
101,plogo1009,1009,黑暗先知,88887,101,272500,91000029,500,0,0,0,0,91000029,50,0,0,0,0
102,plogo1009,1009,黑暗先知,88887,102,282500,91000029,500,0,0,0,0,91000029,50,0,0,0,0
103,plogo1009,1009,黑暗先知,88887,103,292500,91000029,500,0,0,0,0,91000029,50,0,0,0,0
104,plogo1009,1009,黑暗先知,88887,104,302500,91000029,500,0,0,0,0,91000029,50,0,0,0,0
105,plogo1009,1009,黑暗先知,88887,105,312500,91000029,500,0,0,0,0,91000029,50,0,0,0,0
106,plogo1009,1009,黑暗先知,88887,106,322500,91000029,500,0,0,0,0,91000029,50,0,0,0,0
107,plogo1009,1009,黑暗先知,88887,107,332500,91000029,500,0,0,0,0,91000029,50,0,0,0,0
108,plogo1009,1009,黑暗先知,88887,108,342500,91000029,500,0,0,0,0,91000029,50,0,0,0,0
109,plogo1009,1009,黑暗先知,88887,109,352500,91000029,500,0,0,0,0,91000029,50,0,0,0,0
110,plogo1009,1009,黑暗先知,88887,110,362500,91000029,500,0,0,0,0,91000029,50,0,0,0,0
111,plogo1009,1009,黑暗先知,88887,111,372500,91000029,500,0,0,0,0,91000029,50,0,0,0,0
112,plogo1009,1009,黑暗先知,88887,112,382500,91000029,500,0,0,0,0,91000029,50,0,0,0,0
113,plogo1009,1009,黑暗先知,88887,113,392500,91000029,500,0,0,0,0,91000029,50,0,0,0,0
114,plogo1009,1009,黑暗先知,88887,114,402500,91000029,500,0,0,0,0,91000029,50,0,0,0,0
115,plogo1009,1009,黑暗先知,88887,115,412500,91000029,500,0,0,0,0,91000029,50,0,0,0,0
116,plogo1009,1009,黑暗先知,88887,116,422500,91000029,500,0,0,0,0,91000029,50,0,0,0,0
117,plogo1009,1009,黑暗先知,88887,117,432500,91000029,500,0,0,0,0,91000029,50,0,0,0,0
118,plogo1009,1009,黑暗先知,88887,118,442500,91000029,500,0,0,0,0,91000029,50,0,0,0,0
119,plogo1009,1009,黑暗先知,88887,119,452500,91000029,500,0,0,0,0,91000029,50,0,0,0,0
120,plogo1009,1009,黑暗先知,88887,120,462500,91000029,500,0,0,0,0,91000029,50,0,0,0,0
121,plogo1009,1009,黑暗先知,88887,121,472500,91000029,500,0,0,0,0,91000029,50,0,0,0,0
122,plogo1009,1009,黑暗先知,88887,122,482500,91000029,500,0,0,0,0,91000029,50,0,0,0,0
123,plogo1009,1009,黑暗先知,88887,123,492500,91000029,500,0,0,0,0,91000029,50,0,0,0,0
124,plogo1009,1009,黑暗先知,88887,124,502500,91000029,500,0,0,0,0,91000029,50,0,0,0,0
125,plogo1009,1009,黑暗先知,88887,125,512500,91000029,500,0,0,0,0,91000029,50,0,0,0,0
126,plogo1009,1009,黑暗先知,88887,126,522500,91000029,500,0,0,0,0,91000029,50,0,0,0,0
127,plogo1009,1009,黑暗先知,88887,127,532500,91000029,500,0,0,0,0,91000029,50,0,0,0,0
128,plogo1009,1009,黑暗先知,88887,128,542500,91000029,500,0,0,0,0,91000029,50,0,0,0,0
129,plogo1009,1009,黑暗先知,88887,129,552500,91000029,500,0,0,0,0,91000029,50,0,0,0,0
130,plogo1009,1009,黑暗先知,88887,130,562500,91000029,500,0,0,0,0,91000029,50,0,0,0,0
131,plogo1009,1009,黑暗先知,88887,131,572500,91000029,500,0,0,0,0,91000029,50,0,0,0,0
132,plogo1009,1009,黑暗先知,88887,132,582500,91000029,500,0,0,0,0,91000029,50,0,0,0,0
133,plogo1009,1009,黑暗先知,88887,133,592500,91000029,500,0,0,0,0,91000029,50,0,0,0,0
134,plogo1009,1009,黑暗先知,88887,134,602500,91000029,500,0,0,0,0,91000029,50,0,0,0,0
135,plogo1009,1009,黑暗先知,88887,135,612500,91000029,500,0,0,0,0,91000029,50,0,0,0,0
136,plogo1009,1009,黑暗先知,88887,136,622500,91000029,500,0,0,0,0,91000029,50,0,0,0,0
137,plogo1009,1009,黑暗先知,88887,137,632500,91000029,500,0,0,0,0,91000029,50,0,0,0,0
138,plogo1009,1009,黑暗先知,88887,138,642500,91000029,500,0,0,0,0,91000029,50,0,0,0,0
139,plogo1009,1009,黑暗先知,88887,139,652500,91000029,500,0,0,0,0,91000029,50,0,0,0,0
140,plogo1009,1009,黑暗先知,88887,140,662500,91000029,500,0,0,0,0,91000029,50,0,0,0,0
141,plogo1009,1009,黑暗先知,88887,141,672500,91000029,500,0,0,0,0,91000029,50,0,0,0,0
142,plogo1009,1009,黑暗先知,88887,142,682500,91000029,500,0,0,0,0,91000029,50,0,0,0,0
143,plogo1009,1009,黑暗先知,88887,143,692500,91000029,500,0,0,0,0,91000029,50,0,0,0,0
144,plogo1009,1009,黑暗先知,88887,144,702500,91000029,500,0,0,0,0,91000029,50,0,0,0,0
145,plogo1009,1009,黑暗先知,88887,145,712500,91000029,500,0,0,0,0,91000029,50,0,0,0,0
146,plogo1009,1009,黑暗先知,88887,146,722500,91000029,500,0,0,0,0,91000029,50,0,0,0,0
147,plogo1009,1009,黑暗先知,88887,147,732500,91000029,500,0,0,0,0,91000029,50,0,0,0,0
148,plogo1009,1009,黑暗先知,88887,148,742500,91000029,500,0,0,0,0,91000029,50,0,0,0,0
149,plogo1009,1009,黑暗先知,88887,149,752500,91000029,500,0,0,0,0,91000029,50,0,0,0,0
150,plogo1009,1009,黑暗先知,88887,150,762500,91000029,500,0,0,0,0,91000029,50,0,0,0,0
151,plogo1009,1009,黑暗先知,88887,151,772500,91000029,500,0,0,0,0,91000029,50,0,0,0,0
152,plogo1009,1009,黑暗先知,88887,152,782500,91000029,500,0,0,0,0,91000029,50,0,0,0,0
153,plogo1009,1009,黑暗先知,88887,153,792500,91000029,500,0,0,0,0,91000029,50,0,0,0,0
154,plogo1009,1009,黑暗先知,88887,154,802500,91000029,500,0,0,0,0,91000029,50,0,0,0,0
155,plogo1009,1009,黑暗先知,88887,155,812500,91000029,500,0,0,0,0,91000029,50,0,0,0,0
156,plogo1009,1009,黑暗先知,88887,156,822500,91000029,500,0,0,0,0,91000029,50,0,0,0,0
157,plogo1009,1009,黑暗先知,88887,157,832500,91000029,500,0,0,0,0,91000029,50,0,0,0,0
158,plogo1009,1009,黑暗先知,88887,158,842500,91000029,500,0,0,0,0,91000029,50,0,0,0,0
159,plogo1009,1009,黑暗先知,88887,159,852500,91000029,500,0,0,0,0,91000029,50,0,0,0,0
160,plogo1009,1009,黑暗先知,88887,160,862500,91000029,500,0,0,0,0,91000029,50,0,0,0,0
161,plogo1009,1009,黑暗先知,88887,161,872500,91000029,500,0,0,0,0,91000029,50,0,0,0,0
162,plogo1009,1009,黑暗先知,88887,162,882500,91000029,500,0,0,0,0,91000029,50,0,0,0,0
163,plogo1009,1009,黑暗先知,88887,163,892500,91000029,500,0,0,0,0,91000029,50,0,0,0,0
164,plogo1009,1009,黑暗先知,88887,164,902500,91000029,500,0,0,0,0,91000029,50,0,0,0,0
165,plogo1009,1009,黑暗先知,88887,165,912500,91000029,500,0,0,0,0,91000029,50,0,0,0,0
166,plogo1009,1009,黑暗先知,88887,166,922500,91000029,500,0,0,0,0,91000029,50,0,0,0,0
167,plogo1009,1009,黑暗先知,88887,167,932500,91000029,500,0,0,0,0,91000029,50,0,0,0,0
168,plogo1009,1009,黑暗先知,88887,168,942500,91000029,500,0,0,0,0,91000029,50,0,0,0,0
169,plogo1009,1009,黑暗先知,88887,169,952500,91000029,500,0,0,0,0,91000029,50,0,0,0,0
170,plogo1009,1009,黑暗先知,88887,170,962500,91000029,500,0,0,0,0,91000029,50,0,0,0,0
171,plogo1009,1009,黑暗先知,88887,171,972500,91000029,500,0,0,0,0,91000029,50,0,0,0,0
172,plogo1009,1009,黑暗先知,88887,172,982500,91000029,500,0,0,0,0,91000029,50,0,0,0,0
173,plogo1009,1009,黑暗先知,88887,173,992500,91000029,500,0,0,0,0,91000029,50,0,0,0,0
174,plogo1009,1009,黑暗先知,88887,174,1002500,91000029,500,0,0,0,0,91000029,50,0,0,0,0
175,plogo1009,1009,黑暗先知,88887,175,1012500,91000029,500,0,0,0,0,91000029,50,0,0,0,0
176,plogo1009,1009,黑暗先知,88887,176,1022500,91000029,500,0,0,0,0,91000029,50,0,0,0,0
177,plogo1009,1009,黑暗先知,88887,177,1032500,91000029,500,0,0,0,0,91000029,50,0,0,0,0
178,plogo1009,1009,黑暗先知,88887,178,1042500,91000029,500,0,0,0,0,91000029,50,0,0,0,0
179,plogo1009,1009,黑暗先知,88887,179,1052500,91000029,500,0,0,0,0,91000029,50,0,0,0,0
180,plogo1009,1009,黑暗先知,88887,180,1062500,91000029,500,0,0,0,0,91000029,50,0,0,0,0
181,plogo1009,1009,黑暗先知,88887,181,1072500,91000029,500,0,0,0,0,91000029,50,0,0,0,0
182,plogo1009,1009,黑暗先知,88887,182,1082500,91000029,500,0,0,0,0,91000029,50,0,0,0,0
183,plogo1009,1009,黑暗先知,88887,183,1092500,91000029,500,0,0,0,0,91000029,50,0,0,0,0
184,plogo1009,1009,黑暗先知,88887,184,1102500,91000029,500,0,0,0,0,91000029,50,0,0,0,0
185,plogo1009,1009,黑暗先知,88887,185,1112500,91000029,500,0,0,0,0,91000029,50,0,0,0,0
186,plogo1009,1009,黑暗先知,88887,186,1122500,91000029,500,0,0,0,0,91000029,50,0,0,0,0
187,plogo1009,1009,黑暗先知,88887,187,1132500,91000029,500,0,0,0,0,91000029,50,0,0,0,0
188,plogo1009,1009,黑暗先知,88887,188,1142500,91000029,500,0,0,0,0,91000029,50,0,0,0,0
189,plogo1009,1009,黑暗先知,88887,189,1152500,91000029,500,0,0,0,0,91000029,50,0,0,0,0
190,plogo1009,1009,黑暗先知,88887,190,1162500,91000029,500,0,0,0,0,91000029,50,0,0,0,0
191,plogo1009,1009,黑暗先知,88887,191,1172500,91000029,500,0,0,0,0,91000029,50,0,0,0,0
192,plogo1009,1009,黑暗先知,88887,192,1182500,91000029,500,0,0,0,0,91000029,50,0,0,0,0
193,plogo1009,1009,黑暗先知,88887,193,1192500,91000029,500,0,0,0,0,91000029,50,0,0,0,0
194,plogo1009,1009,黑暗先知,88887,194,1202500,91000029,500,0,0,0,0,91000029,50,0,0,0,0
195,plogo1009,1009,黑暗先知,88887,195,1212500,91000029,500,0,0,0,0,91000029,50,0,0,0,0
196,plogo1009,1009,黑暗先知,88887,196,1222500,91000029,500,0,0,0,0,91000029,50,0,0,0,0
197,plogo1009,1009,黑暗先知,88887,197,1232500,91000029,500,0,0,0,0,91000029,50,0,0,0,0
198,plogo1009,1009,黑暗先知,88887,198,1242500,91000029,500,0,0,0,0,91000029,50,0,0,0,0
199,plogo1009,1009,黑暗先知,88887,199,1252500,91000029,500,0,0,0,0,91000029,50,0,0,0,0
200,plogo1009,1009,黑暗先知,88887,200,1262500,91000029,500,0,0,0,0,91000029,50,0,0,0,0
201,plogo1009,1009,黑暗先知,88887,201,1272500,91000029,500,0,0,0,0,91000029,50,0,0,0,0
202,plogo1009,1009,黑暗先知,88887,202,1282500,91000029,500,0,0,0,0,91000029,50,0,0,0,0
203,plogo1009,1009,黑暗先知,88887,203,1292500,91000029,500,0,0,0,0,91000029,50,0,0,0,0
204,plogo1009,1009,黑暗先知,88887,204,1302500,91000029,500,0,0,0,0,91000029,50,0,0,0,0
205,plogo1009,1009,黑暗先知,88887,205,1312500,91000029,500,0,0,0,0,91000029,50,0,0,0,0
206,plogo1009,1009,黑暗先知,88887,206,1322500,91000029,500,0,0,0,0,91000029,50,0,0,0,0
207,plogo1009,1009,黑暗先知,88887,207,1332500,91000029,500,0,0,0,0,91000029,50,0,0,0,0
208,plogo1009,1009,黑暗先知,88887,208,1342500,91000029,500,0,0,0,0,91000029,50,0,0,0,0
209,plogo1009,1009,黑暗先知,88887,209,1352500,91000029,500,0,0,0,0,91000029,50,0,0,0,0
210,plogo1009,1009,黑暗先知,88887,210,1362500,91000029,500,0,0,0,0,91000029,50,0,0,0,0
211,plogo1009,1009,黑暗先知,88887,211,1372500,91000029,500,0,0,0,0,91000029,50,0,0,0,0
212,plogo1009,1009,黑暗先知,88887,212,1382500,91000029,500,0,0,0,0,91000029,50,0,0,0,0
213,plogo1009,1009,黑暗先知,88887,213,1392500,91000029,500,0,0,0,0,91000029,50,0,0,0,0
214,plogo1009,1009,黑暗先知,88887,214,1402500,91000029,500,0,0,0,0,91000029,50,0,0,0,0
215,plogo1009,1009,黑暗先知,88887,215,1412500,91000029,500,0,0,0,0,91000029,50,0,0,0,0
216,plogo1009,1009,黑暗先知,88887,216,1422500,91000029,500,0,0,0,0,91000029,50,0,0,0,0
217,plogo1009,1009,黑暗先知,88887,217,1432500,91000029,500,0,0,0,0,91000029,50,0,0,0,0
218,plogo1009,1009,黑暗先知,88887,218,1442500,91000029,500,0,0,0,0,91000029,50,0,0,0,0
219,plogo1009,1009,黑暗先知,88887,219,1452500,91000029,500,0,0,0,0,91000029,50,0,0,0,0
220,plogo1009,1009,黑暗先知,88887,220,1462500,91000029,500,0,0,0,0,91000029,50,0,0,0,0
221,plogo1009,1009,黑暗先知,88887,221,1472500,91000029,500,0,0,0,0,91000029,50,0,0,0,0
222,plogo1009,1009,黑暗先知,88887,222,1482500,91000029,500,0,0,0,0,91000029,50,0,0,0,0
223,plogo1009,1009,黑暗先知,88887,223,1492500,91000029,500,0,0,0,0,91000029,50,0,0,0,0
224,plogo1009,1009,黑暗先知,88887,224,1502500,91000029,500,0,0,0,0,91000029,50,0,0,0,0
225,plogo1009,1009,黑暗先知,88887,225,1512500,91000029,500,0,0,0,0,91000029,50,0,0,0,0
226,plogo1009,1009,黑暗先知,88887,226,1522500,91000029,500,0,0,0,0,91000029,50,0,0,0,0
227,plogo1009,1009,黑暗先知,88887,227,1532500,91000029,500,0,0,0,0,91000029,50,0,0,0,0
228,plogo1009,1009,黑暗先知,88887,228,1542500,91000029,500,0,0,0,0,91000029,50,0,0,0,0
229,plogo1009,1009,黑暗先知,88887,229,1552500,91000029,500,0,0,0,0,91000029,50,0,0,0,0
230,plogo1009,1009,黑暗先知,88887,230,1562500,91000029,500,0,0,0,0,91000029,50,0,0,0,0
231,plogo1009,1009,黑暗先知,88887,231,1572500,91000029,500,0,0,0,0,91000029,50,0,0,0,0
232,plogo1009,1009,黑暗先知,88887,232,1582500,91000029,500,0,0,0,0,91000029,50,0,0,0,0
233,plogo1009,1009,黑暗先知,88887,233,1592500,91000029,500,0,0,0,0,91000029,50,0,0,0,0
234,plogo1009,1009,黑暗先知,88887,234,1602500,91000029,500,0,0,0,0,91000029,50,0,0,0,0
235,plogo1009,1009,黑暗先知,88887,235,1612500,91000029,500,0,0,0,0,91000029,50,0,0,0,0
236,plogo1009,1009,黑暗先知,88887,236,1622500,91000029,500,0,0,0,0,91000029,50,0,0,0,0
237,plogo1009,1009,黑暗先知,88887,237,1632500,91000029,500,0,0,0,0,91000029,50,0,0,0,0
238,plogo1009,1009,黑暗先知,88887,238,1642500,91000029,500,0,0,0,0,91000029,50,0,0,0,0
239,plogo1009,1009,黑暗先知,88887,239,1652500,91000029,500,0,0,0,0,91000029,50,0,0,0,0
240,plogo1009,1009,黑暗先知,88887,240,1662500,91000029,500,0,0,0,0,91000029,50,0,0,0,0
241,plogo1009,1009,黑暗先知,88887,241,1672500,91000029,500,0,0,0,0,91000029,50,0,0,0,0
242,plogo1009,1009,黑暗先知,88887,242,1682500,91000029,500,0,0,0,0,91000029,50,0,0,0,0
243,plogo1009,1009,黑暗先知,88887,243,1692500,91000029,500,0,0,0,0,91000029,50,0,0,0,0
244,plogo1009,1009,黑暗先知,88887,244,1702500,91000029,500,0,0,0,0,91000029,50,0,0,0,0
245,plogo1009,1009,黑暗先知,88887,245,1712500,91000029,500,0,0,0,0,91000029,50,0,0,0,0
246,plogo1009,1009,黑暗先知,88887,246,1722500,91000029,500,0,0,0,0,91000029,50,0,0,0,0
247,plogo1009,1009,黑暗先知,88887,247,1732500,91000029,500,0,0,0,0,91000029,50,0,0,0,0
248,plogo1009,1009,黑暗先知,88887,248,1742500,91000029,500,0,0,0,0,91000029,50,0,0,0,0
249,plogo1009,1009,黑暗先知,88887,249,1752500,91000029,500,0,0,0,0,91000029,50,0,0,0,0
250,plogo1009,1009,黑暗先知,88887,250,1762500,91000029,500,0,0,0,0,91000029,50,0,0,0,0
251,plogo1009,1009,黑暗先知,88887,251,1772500,91000029,500,0,0,0,0,91000029,50,0,0,0,0
252,plogo1009,1009,黑暗先知,88887,252,1782500,91000029,500,0,0,0,0,91000029,50,0,0,0,0
253,plogo1009,1009,黑暗先知,88887,253,1792500,91000029,500,0,0,0,0,91000029,50,0,0,0,0
254,plogo1009,1009,黑暗先知,88887,254,1802500,91000029,500,0,0,0,0,91000029,50,0,0,0,0
255,plogo1009,1009,黑暗先知,88887,255,1812500,91000029,500,0,0,0,0,91000029,50,0,0,0,0
256,plogo1009,1009,黑暗先知,88887,256,1822500,91000029,500,0,0,0,0,91000029,50,0,0,0,0
257,plogo1009,1009,黑暗先知,88887,257,1832500,91000029,500,0,0,0,0,91000029,50,0,0,0,0
258,plogo1009,1009,黑暗先知,88887,258,1842500,91000029,500,0,0,0,0,91000029,50,0,0,0,0
259,plogo1009,1009,黑暗先知,88887,259,1852500,91000029,500,0,0,0,0,91000029,50,0,0,0,0
260,plogo1009,1009,黑暗先知,88887,260,1862500,91000029,500,0,0,0,0,91000029,50,0,0,0,0
261,plogo1009,1009,黑暗先知,88887,261,1872500,91000029,500,0,0,0,0,91000029,50,0,0,0,0
262,plogo1009,1009,黑暗先知,88887,262,1882500,91000029,500,0,0,0,0,91000029,50,0,0,0,0
263,plogo1009,1009,黑暗先知,88887,263,1892500,91000029,500,0,0,0,0,91000029,50,0,0,0,0
264,plogo1009,1009,黑暗先知,88887,264,1902500,91000029,500,0,0,0,0,91000029,50,0,0,0,0
265,plogo1009,1009,黑暗先知,88887,265,1912500,91000029,500,0,0,0,0,91000029,50,0,0,0,0
266,plogo1009,1009,黑暗先知,88887,266,1922500,91000029,500,0,0,0,0,91000029,50,0,0,0,0
267,plogo1009,1009,黑暗先知,88887,267,1932500,91000029,500,0,0,0,0,91000029,50,0,0,0,0
268,plogo1009,1009,黑暗先知,88887,268,1942500,91000029,500,0,0,0,0,91000029,50,0,0,0,0
269,plogo1009,1009,黑暗先知,88887,269,1952500,91000029,500,0,0,0,0,91000029,50,0,0,0,0
270,plogo1009,1009,黑暗先知,88887,270,1962500,91000029,500,0,0,0,0,91000029,50,0,0,0,0
271,plogo1009,1009,黑暗先知,88887,271,1972500,91000029,500,0,0,0,0,91000029,50,0,0,0,0
272,plogo1009,1009,黑暗先知,88887,272,1982500,91000029,500,0,0,0,0,91000029,50,0,0,0,0
273,plogo1009,1009,黑暗先知,88887,273,1992500,91000029,500,0,0,0,0,91000029,50,0,0,0,0
274,plogo1009,1009,黑暗先知,88887,274,2002500,91000029,500,0,0,0,0,91000029,50,0,0,0,0
275,plogo1009,1009,黑暗先知,88887,275,2012500,91000029,500,0,0,0,0,91000029,50,0,0,0,0
276,plogo1009,1009,黑暗先知,88887,276,2022500,91000029,500,0,0,0,0,91000029,50,0,0,0,0
277,plogo1009,1009,黑暗先知,88887,277,2032500,91000029,500,0,0,0,0,91000029,50,0,0,0,0
278,plogo1009,1009,黑暗先知,88887,278,2042500,91000029,500,0,0,0,0,91000029,50,0,0,0,0
279,plogo1009,1009,黑暗先知,88887,279,2052500,91000029,500,0,0,0,0,91000029,50,0,0,0,0
280,plogo1009,1009,黑暗先知,88887,280,2062500,91000029,500,0,0,0,0,91000029,50,0,0,0,0
281,plogo1009,1009,黑暗先知,88887,281,2072500,91000029,500,0,0,0,0,91000029,50,0,0,0,0
282,plogo1009,1009,黑暗先知,88887,282,2082500,91000029,500,0,0,0,0,91000029,50,0,0,0,0
283,plogo1009,1009,黑暗先知,88887,283,2092500,91000029,500,0,0,0,0,91000029,50,0,0,0,0
284,plogo1009,1009,黑暗先知,88887,284,2102500,91000029,500,0,0,0,0,91000029,50,0,0,0,0
285,plogo1009,1009,黑暗先知,88887,285,2112500,91000029,500,0,0,0,0,91000029,50,0,0,0,0
286,plogo1009,1009,黑暗先知,88887,286,2122500,91000029,500,0,0,0,0,91000029,50,0,0,0,0
287,plogo1009,1009,黑暗先知,88887,287,2132500,91000029,500,0,0,0,0,91000029,50,0,0,0,0
288,plogo1009,1009,黑暗先知,88887,288,2142500,91000029,500,0,0,0,0,91000029,50,0,0,0,0
289,plogo1009,1009,黑暗先知,88887,289,2152500,91000029,500,0,0,0,0,91000029,50,0,0,0,0
290,plogo1009,1009,黑暗先知,88887,290,2162500,91000029,500,0,0,0,0,91000029,50,0,0,0,0
291,plogo1009,1009,黑暗先知,88887,291,2172500,91000029,500,0,0,0,0,91000029,50,0,0,0,0
292,plogo1009,1009,黑暗先知,88887,292,2182500,91000029,500,0,0,0,0,91000029,50,0,0,0,0
293,plogo1009,1009,黑暗先知,88887,293,2192500,91000029,500,0,0,0,0,91000029,50,0,0,0,0
294,plogo1009,1009,黑暗先知,88887,294,2202500,91000029,500,0,0,0,0,91000029,50,0,0,0,0
295,plogo1009,1009,黑暗先知,88887,295,2212500,91000029,500,0,0,0,0,91000029,50,0,0,0,0
296,plogo1009,1009,黑暗先知,88887,296,2222500,91000029,500,0,0,0,0,91000029,50,0,0,0,0
297,plogo1009,1009,黑暗先知,88887,297,2232500,91000029,500,0,0,0,0,91000029,50,0,0,0,0
298,plogo1009,1009,黑暗先知,88887,298,2242500,91000029,500,0,0,0,0,91000029,50,0,0,0,0
299,plogo1009,1009,黑暗先知,88887,299,2252500,91000029,500,0,0,0,0,91000029,50,0,0,0,0
300,plogo1009,1009,黑暗先知,88887,300,2262500,91000029,500,0,0,0,0,91000029,50,0,0,0,0
301,plogo1009,1009,黑暗先知,88887,300,2262500,91000029,500,0,0,0,0,91000029,50,0,0,0,0
302,plogo1009,1009,黑暗先知,88887,300,2262500,91000029,500,0,0,0,0,91000029,50,0,0,0,0
303,plogo1009,1009,黑暗先知,88887,300,2262500,91000029,500,0,0,0,0,91000029,50,0,0,0,0
304,plogo1009,1009,黑暗先知,88887,300,2262500,91000029,500,0,0,0,0,91000029,50,0,0,0,0
305,plogo1009,1009,黑暗先知,88887,300,2262500,91000029,500,0,0,0,0,91000029,50,0,0,0,0
306,plogo1009,1009,黑暗先知,88887,300,2262500,91000029,500,0,0,0,0,91000029,50,0,0,0,0
307,plogo1009,1009,黑暗先知,88887,300,2262500,91000029,500,0,0,0,0,91000029,50,0,0,0,0
308,plogo1009,1009,黑暗先知,88887,300,2262500,91000029,500,0,0,0,0,91000029,50,0,0,0,0
309,plogo1009,1009,黑暗先知,88887,300,2262500,91000029,500,0,0,0,0,91000029,50,0,0,0,0
310,plogo1009,1009,黑暗先知,88887,300,2262500,91000029,500,0,0,0,0,91000029,50,0,0,0,0
311,plogo1009,1009,黑暗先知,88887,300,2262500,91000029,500,0,0,0,0,91000029,50,0,0,0,0
312,plogo1009,1009,黑暗先知,88887,300,2262500,91000029,500,0,0,0,0,91000029,50,0,0,0,0
313,plogo1009,1009,黑暗先知,88887,300,2262500,91000029,500,0,0,0,0,91000029,50,0,0,0,0
314,plogo1009,1009,黑暗先知,88887,300,2262500,91000029,500,0,0,0,0,91000029,50,0,0,0,0
315,plogo1009,1009,黑暗先知,88887,300,2262500,91000029,500,0,0,0,0,91000029,50,0,0,0,0
316,plogo1009,1009,黑暗先知,88887,300,2262500,91000029,500,0,0,0,0,91000029,50,0,0,0,0
317,plogo1009,1009,黑暗先知,88887,300,2262500,91000029,500,0,0,0,0,91000029,50,0,0,0,0
318,plogo1009,1009,黑暗先知,88887,300,2262500,91000029,500,0,0,0,0,91000029,50,0,0,0,0
319,plogo1009,1009,黑暗先知,88887,300,2262500,91000029,500,0,0,0,0,91000029,50,0,0,0,0
320,plogo1009,1009,黑暗先知,88887,300,2262500,91000029,500,0,0,0,0,91000029,50,0,0,0,0
321,plogo1009,1009,黑暗先知,88887,300,2262500,91000029,500,0,0,0,0,91000029,50,0,0,0,0
322,plogo1009,1009,黑暗先知,88887,300,2262500,91000029,500,0,0,0,0,91000029,50,0,0,0,0
323,plogo1009,1009,黑暗先知,88887,300,2262500,91000029,500,0,0,0,0,91000029,50,0,0,0,0
324,plogo1009,1009,黑暗先知,88887,300,2262500,91000029,500,0,0,0,0,91000029,50,0,0,0,0
325,plogo1009,1009,黑暗先知,88887,300,2262500,91000029,500,0,0,0,0,91000029,50,0,0,0,0
326,plogo1009,1009,黑暗先知,88887,300,2262500,91000029,500,0,0,0,0,91000029,50,0,0,0,0
327,plogo1009,1009,黑暗先知,88887,300,2262500,91000029,500,0,0,0,0,91000029,50,0,0,0,0
328,plogo1009,1009,黑暗先知,88887,300,2262500,91000029,500,0,0,0,0,91000029,50,0,0,0,0
329,plogo1009,1009,黑暗先知,88887,300,2262500,91000029,500,0,0,0,0,91000029,50,0,0,0,0
330,plogo1009,1009,黑暗先知,88887,300,2262500,91000029,500,0,0,0,0,91000029,50,0,0,0,0
331,plogo1009,1009,黑暗先知,88887,300,2262500,91000029,500,0,0,0,0,91000029,50,0,0,0,0
332,plogo1009,1009,黑暗先知,88887,300,2262500,91000029,500,0,0,0,0,91000029,50,0,0,0,0
333,plogo1009,1009,黑暗先知,88887,300,2262500,91000029,500,0,0,0,0,91000029,50,0,0,0,0
334,plogo1009,1009,黑暗先知,88887,300,2262500,91000029,500,0,0,0,0,91000029,50,0,0,0,0
335,plogo1009,1009,黑暗先知,88887,300,2262500,91000029,500,0,0,0,0,91000029,50,0,0,0,0
336,plogo1009,1009,黑暗先知,88887,300,2262500,91000029,500,0,0,0,0,91000029,50,0,0,0,0
337,plogo1009,1009,黑暗先知,88887,300,2262500,91000029,500,0,0,0,0,91000029,50,0,0,0,0
338,plogo1009,1009,黑暗先知,88887,300,2262500,91000029,500,0,0,0,0,91000029,50,0,0,0,0
339,plogo1009,1009,黑暗先知,88887,300,2262500,91000029,500,0,0,0,0,91000029,50,0,0,0,0
340,plogo1009,1009,黑暗先知,88887,300,2262500,91000029,500,0,0,0,0,91000029,50,0,0,0,0
341,plogo1009,1009,黑暗先知,88887,300,2262500,91000029,500,0,0,0,0,91000029,50,0,0,0,0
342,plogo1009,1009,黑暗先知,88887,300,2262500,91000029,500,0,0,0,0,91000029,50,0,0,0,0
343,plogo1009,1009,黑暗先知,88887,300,2262500,91000029,500,0,0,0,0,91000029,50,0,0,0,0
344,plogo1009,1009,黑暗先知,88887,300,2262500,91000029,500,0,0,0,0,91000029,50,0,0,0,0
345,plogo1009,1009,黑暗先知,88887,300,2262500,91000029,500,0,0,0,0,91000029,50,0,0,0,0
346,plogo1009,1009,黑暗先知,88887,300,2262500,91000029,500,0,0,0,0,91000029,50,0,0,0,0
347,plogo1009,1009,黑暗先知,88887,300,2262500,91000029,500,0,0,0,0,91000029,50,0,0,0,0
348,plogo1009,1009,黑暗先知,88887,300,2262500,91000029,500,0,0,0,0,91000029,50,0,0,0,0
349,plogo1009,1009,黑暗先知,88887,300,2262500,91000029,500,0,0,0,0,91000029,50,0,0,0,0
350,plogo1009,1009,黑暗先知,88887,300,2262500,91000029,500,0,0,0,0,91000029,50,0,0,0,0
351,plogo1009,1009,黑暗先知,88887,300,2262500,91000029,500,0,0,0,0,91000029,50,0,0,0,0
352,plogo1009,1009,黑暗先知,88887,300,2262500,91000029,500,0,0,0,0,91000029,50,0,0,0,0
353,plogo1009,1009,黑暗先知,88887,300,2262500,91000029,500,0,0,0,0,91000029,50,0,0,0,0
354,plogo1009,1009,黑暗先知,88887,300,2262500,91000029,500,0,0,0,0,91000029,50,0,0,0,0
355,plogo1009,1009,黑暗先知,88887,300,2262500,91000029,500,0,0,0,0,91000029,50,0,0,0,0
356,plogo1009,1009,黑暗先知,88887,300,2262500,91000029,500,0,0,0,0,91000029,50,0,0,0,0
357,plogo1009,1009,黑暗先知,88887,300,2262500,91000029,500,0,0,0,0,91000029,50,0,0,0,0
358,plogo1009,1009,黑暗先知,88887,300,2262500,91000029,500,0,0,0,0,91000029,50,0,0,0,0
359,plogo1009,1009,黑暗先知,88887,300,2262500,91000029,500,0,0,0,0,91000029,50,0,0,0,0
360,plogo1009,1009,黑暗先知,88887,300,2262500,91000029,500,0,0,0,0,91000029,50,0,0,0,0
361,plogo1009,1009,黑暗先知,88887,300,2262500,91000029,500,0,0,0,0,91000029,50,0,0,0,0
362,plogo1009,1009,黑暗先知,88887,300,2262500,91000029,500,0,0,0,0,91000029,50,0,0,0,0
363,plogo1009,1009,黑暗先知,88887,300,2262500,91000029,500,0,0,0,0,91000029,50,0,0,0,0
364,plogo1009,1009,黑暗先知,88887,300,2262500,91000029,500,0,0,0,0,91000029,50,0,0,0,0
365,plogo1009,1009,黑暗先知,88887,300,2262500,91000029,500,0,0,0,0,91000029,50,0,0,0,0
366,plogo1009,1009,黑暗先知,88887,300,2262500,91000029,500,0,0,0,0,91000029,50,0,0,0,0
367,plogo1009,1009,黑暗先知,88887,300,2262500,91000029,500,0,0,0,0,91000029,50,0,0,0,0
368,plogo1009,1009,黑暗先知,88887,300,2262500,91000029,500,0,0,0,0,91000029,50,0,0,0,0
369,plogo1009,1009,黑暗先知,88887,300,2262500,91000029,500,0,0,0,0,91000029,50,0,0,0,0
370,plogo1009,1009,黑暗先知,88887,300,2262500,91000029,500,0,0,0,0,91000029,50,0,0,0,0
371,plogo1009,1009,黑暗先知,88887,300,2262500,91000029,500,0,0,0,0,91000029,50,0,0,0,0
372,plogo1009,1009,黑暗先知,88887,300,2262500,91000029,500,0,0,0,0,91000029,50,0,0,0,0
373,plogo1009,1009,黑暗先知,88887,300,2262500,91000029,500,0,0,0,0,91000029,50,0,0,0,0
374,plogo1009,1009,黑暗先知,88887,300,2262500,91000029,500,0,0,0,0,91000029,50,0,0,0,0
375,plogo1009,1009,黑暗先知,88887,300,2262500,91000029,500,0,0,0,0,91000029,50,0,0,0,0
376,plogo1009,1009,黑暗先知,88887,300,2262500,91000029,500,0,0,0,0,91000029,50,0,0,0,0
377,plogo1009,1009,黑暗先知,88887,300,2262500,91000029,500,0,0,0,0,91000029,50,0,0,0,0
378,plogo1009,1009,黑暗先知,88887,300,2262500,91000029,500,0,0,0,0,91000029,50,0,0,0,0
379,plogo1009,1009,黑暗先知,88887,300,2262500,91000029,500,0,0,0,0,91000029,50,0,0,0,0
380,plogo1009,1009,黑暗先知,88887,300,2262500,91000029,500,0,0,0,0,91000029,50,0,0,0,0
381,plogo1009,1009,黑暗先知,88887,300,2262500,91000029,500,0,0,0,0,91000029,50,0,0,0,0
382,plogo1009,1009,黑暗先知,88887,300,2262500,91000029,500,0,0,0,0,91000029,50,0,0,0,0
383,plogo1009,1009,黑暗先知,88887,300,2262500,91000029,500,0,0,0,0,91000029,50,0,0,0,0
384,plogo1009,1009,黑暗先知,88887,300,2262500,91000029,500,0,0,0,0,91000029,50,0,0,0,0
385,plogo1009,1009,黑暗先知,88887,300,2262500,91000029,500,0,0,0,0,91000029,50,0,0,0,0
386,plogo1009,1009,黑暗先知,88887,300,2262500,91000029,500,0,0,0,0,91000029,50,0,0,0,0
387,plogo1009,1009,黑暗先知,88887,300,2262500,91000029,500,0,0,0,0,91000029,50,0,0,0,0
388,plogo1009,1009,黑暗先知,88887,300,2262500,91000029,500,0,0,0,0,91000029,50,0,0,0,0
389,plogo1009,1009,黑暗先知,88887,300,2262500,91000029,500,0,0,0,0,91000029,50,0,0,0,0
390,plogo1009,1009,黑暗先知,88887,300,2262500,91000029,500,0,0,0,0,91000029,50,0,0,0,0
391,plogo1009,1009,黑暗先知,88887,300,2262500,91000029,500,0,0,0,0,91000029,50,0,0,0,0
392,plogo1009,1009,黑暗先知,88887,300,2262500,91000029,500,0,0,0,0,91000029,50,0,0,0,0
393,plogo1009,1009,黑暗先知,88887,300,2262500,91000029,500,0,0,0,0,91000029,50,0,0,0,0
394,plogo1009,1009,黑暗先知,88887,300,2262500,91000029,500,0,0,0,0,91000029,50,0,0,0,0
395,plogo1009,1009,黑暗先知,88887,300,2262500,91000029,500,0,0,0,0,91000029,50,0,0,0,0
396,plogo1009,1009,黑暗先知,88887,300,2262500,91000029,500,0,0,0,0,91000029,50,0,0,0,0
397,plogo1009,1009,黑暗先知,88887,300,2262500,91000029,500,0,0,0,0,91000029,50,0,0,0,0
398,plogo1009,1009,黑暗先知,88887,300,2262500,91000029,500,0,0,0,0,91000029,50,0,0,0,0
399,plogo1009,1009,黑暗先知,88887,300,2262500,91000029,500,0,0,0,0,91000029,50,0,0,0,0
400,plogo1009,1009,黑暗先知,88887,300,2262500,91000029,500,0,0,0,0,91000029,50,0,0,0,0
401,plogo1009,1009,黑暗先知,88887,300,2262500,91000029,500,0,0,0,0,91000029,50,0,0,0,0
402,plogo1009,1009,黑暗先知,88887,300,2262500,91000029,500,0,0,0,0,91000029,50,0,0,0,0
403,plogo1009,1009,黑暗先知,88887,300,2262500,91000029,500,0,0,0,0,91000029,50,0,0,0,0
404,plogo1009,1009,黑暗先知,88887,300,2262500,91000029,500,0,0,0,0,91000029,50,0,0,0,0
405,plogo1009,1009,黑暗先知,88887,300,2262500,91000029,500,0,0,0,0,91000029,50,0,0,0,0
406,plogo1009,1009,黑暗先知,88887,300,2262500,91000029,500,0,0,0,0,91000029,50,0,0,0,0
407,plogo1009,1009,黑暗先知,88887,300,2262500,91000029,500,0,0,0,0,91000029,50,0,0,0,0
408,plogo1009,1009,黑暗先知,88887,300,2262500,91000029,500,0,0,0,0,91000029,50,0,0,0,0
409,plogo1009,1009,黑暗先知,88887,300,2262500,91000029,500,0,0,0,0,91000029,50,0,0,0,0
410,plogo1009,1009,黑暗先知,88887,300,2262500,91000029,500,0,0,0,0,91000029,50,0,0,0,0
411,plogo1009,1009,黑暗先知,88887,300,2262500,91000029,500,0,0,0,0,91000029,50,0,0,0,0
412,plogo1009,1009,黑暗先知,88887,300,2262500,91000029,500,0,0,0,0,91000029,50,0,0,0,0
413,plogo1009,1009,黑暗先知,88887,300,2262500,91000029,500,0,0,0,0,91000029,50,0,0,0,0
414,plogo1009,1009,黑暗先知,88887,300,2262500,91000029,500,0,0,0,0,91000029,50,0,0,0,0
415,plogo1009,1009,黑暗先知,88887,300,2262500,91000029,500,0,0,0,0,91000029,50,0,0,0,0
416,plogo1009,1009,黑暗先知,88887,300,2262500,91000029,500,0,0,0,0,91000029,50,0,0,0,0
417,plogo1009,1009,黑暗先知,88887,300,2262500,91000029,500,0,0,0,0,91000029,50,0,0,0,0
418,plogo1009,1009,黑暗先知,88887,300,2262500,91000029,500,0,0,0,0,91000029,50,0,0,0,0
419,plogo1009,1009,黑暗先知,88887,300,2262500,91000029,500,0,0,0,0,91000029,50,0,0,0,0
420,plogo1009,1009,黑暗先知,88887,300,2262500,91000029,500,0,0,0,0,91000029,50,0,0,0,0
421,plogo1009,1009,黑暗先知,88887,300,2262500,91000029,500,0,0,0,0,91000029,50,0,0,0,0
422,plogo1009,1009,黑暗先知,88887,300,2262500,91000029,500,0,0,0,0,91000029,50,0,0,0,0
423,plogo1009,1009,黑暗先知,88887,300,2262500,91000029,500,0,0,0,0,91000029,50,0,0,0,0
424,plogo1009,1009,黑暗先知,88887,300,2262500,91000029,500,0,0,0,0,91000029,50,0,0,0,0
425,plogo1009,1009,黑暗先知,88887,300,2262500,91000029,500,0,0,0,0,91000029,50,0,0,0,0
426,plogo1009,1009,黑暗先知,88887,300,2262500,91000029,500,0,0,0,0,91000029,50,0,0,0,0
427,plogo1009,1009,黑暗先知,88887,300,2262500,91000029,500,0,0,0,0,91000029,50,0,0,0,0
428,plogo1009,1009,黑暗先知,88887,300,2262500,91000029,500,0,0,0,0,91000029,50,0,0,0,0
429,plogo1009,1009,黑暗先知,88887,300,2262500,91000029,500,0,0,0,0,91000029,50,0,0,0,0
430,plogo1009,1009,黑暗先知,88887,300,2262500,91000029,500,0,0,0,0,91000029,50,0,0,0,0
431,plogo1009,1009,黑暗先知,88887,300,2262500,91000029,500,0,0,0,0,91000029,50,0,0,0,0
432,plogo1009,1009,黑暗先知,88887,300,2262500,91000029,500,0,0,0,0,91000029,50,0,0,0,0
433,plogo1009,1009,黑暗先知,88887,300,2262500,91000029,500,0,0,0,0,91000029,50,0,0,0,0
434,plogo1009,1009,黑暗先知,88887,300,2262500,91000029,500,0,0,0,0,91000029,50,0,0,0,0
435,plogo1009,1009,黑暗先知,88887,300,2262500,91000029,500,0,0,0,0,91000029,50,0,0,0,0
436,plogo1009,1009,黑暗先知,88887,300,2262500,91000029,500,0,0,0,0,91000029,50,0,0,0,0
437,plogo1009,1009,黑暗先知,88887,300,2262500,91000029,500,0,0,0,0,91000029,50,0,0,0,0
438,plogo1009,1009,黑暗先知,88887,300,2262500,91000029,500,0,0,0,0,91000029,50,0,0,0,0
439,plogo1009,1009,黑暗先知,88887,300,2262500,91000029,500,0,0,0,0,91000029,50,0,0,0,0
440,plogo1009,1009,黑暗先知,88887,300,2262500,91000029,500,0,0,0,0,91000029,50,0,0,0,0
441,plogo1009,1009,黑暗先知,88887,300,2262500,91000029,500,0,0,0,0,91000029,50,0,0,0,0
442,plogo1009,1009,黑暗先知,88887,300,2262500,91000029,500,0,0,0,0,91000029,50,0,0,0,0
443,plogo1009,1009,黑暗先知,88887,300,2262500,91000029,500,0,0,0,0,91000029,50,0,0,0,0
444,plogo1009,1009,黑暗先知,88887,300,2262500,91000029,500,0,0,0,0,91000029,50,0,0,0,0
445,plogo1009,1009,黑暗先知,88887,300,2262500,91000029,500,0,0,0,0,91000029,50,0,0,0,0
446,plogo1009,1009,黑暗先知,88887,300,2262500,91000029,500,0,0,0,0,91000029,50,0,0,0,0
447,plogo1009,1009,黑暗先知,88887,300,2262500,91000029,500,0,0,0,0,91000029,50,0,0,0,0
448,plogo1009,1009,黑暗先知,88887,300,2262500,91000029,500,0,0,0,0,91000029,50,0,0,0,0
449,plogo1009,1009,黑暗先知,88887,300,2262500,91000029,500,0,0,0,0,91000029,50,0,0,0,0
450,plogo1009,1009,黑暗先知,88887,300,2262500,91000029,500,0,0,0,0,91000029,50,0,0,0,0
451,plogo1009,1009,黑暗先知,88887,300,2262500,91000029,500,0,0,0,0,91000029,50,0,0,0,0
452,plogo1009,1009,黑暗先知,88887,300,2262500,91000029,500,0,0,0,0,91000029,50,0,0,0,0
453,plogo1009,1009,黑暗先知,88887,300,2262500,91000029,500,0,0,0,0,91000029,50,0,0,0,0
454,plogo1009,1009,黑暗先知,88887,300,2262500,91000029,500,0,0,0,0,91000029,50,0,0,0,0
455,plogo1009,1009,黑暗先知,88887,300,2262500,91000029,500,0,0,0,0,91000029,50,0,0,0,0
456,plogo1009,1009,黑暗先知,88887,300,2262500,91000029,500,0,0,0,0,91000029,50,0,0,0,0
457,plogo1009,1009,黑暗先知,88887,300,2262500,91000029,500,0,0,0,0,91000029,50,0,0,0,0
458,plogo1009,1009,黑暗先知,88887,300,2262500,91000029,500,0,0,0,0,91000029,50,0,0,0,0
459,plogo1009,1009,黑暗先知,88887,300,2262500,91000029,500,0,0,0,0,91000029,50,0,0,0,0
460,plogo1009,1009,黑暗先知,88887,300,2262500,91000029,500,0,0,0,0,91000029,50,0,0,0,0
461,plogo1009,1009,黑暗先知,88887,300,2262500,91000029,500,0,0,0,0,91000029,50,0,0,0,0
462,plogo1009,1009,黑暗先知,88887,300,2262500,91000029,500,0,0,0,0,91000029,50,0,0,0,0
463,plogo1009,1009,黑暗先知,88887,300,2262500,91000029,500,0,0,0,0,91000029,50,0,0,0,0
464,plogo1009,1009,黑暗先知,88887,300,2262500,91000029,500,0,0,0,0,91000029,50,0,0,0,0
465,plogo1009,1009,黑暗先知,88887,300,2262500,91000029,500,0,0,0,0,91000029,50,0,0,0,0
466,plogo1009,1009,黑暗先知,88887,300,2262500,91000029,500,0,0,0,0,91000029,50,0,0,0,0
467,plogo1009,1009,黑暗先知,88887,300,2262500,91000029,500,0,0,0,0,91000029,50,0,0,0,0
468,plogo1009,1009,黑暗先知,88887,300,2262500,91000029,500,0,0,0,0,91000029,50,0,0,0,0
469,plogo1009,1009,黑暗先知,88887,300,2262500,91000029,500,0,0,0,0,91000029,50,0,0,0,0
470,plogo1009,1009,黑暗先知,88887,300,2262500,91000029,500,0,0,0,0,91000029,50,0,0,0,0
471,plogo1009,1009,黑暗先知,88887,300,2262500,91000029,500,0,0,0,0,91000029,50,0,0,0,0
472,plogo1009,1009,黑暗先知,88887,300,2262500,91000029,500,0,0,0,0,91000029,50,0,0,0,0
473,plogo1009,1009,黑暗先知,88887,300,2262500,91000029,500,0,0,0,0,91000029,50,0,0,0,0
474,plogo1009,1009,黑暗先知,88887,300,2262500,91000029,500,0,0,0,0,91000029,50,0,0,0,0
475,plogo1009,1009,黑暗先知,88887,300,2262500,91000029,500,0,0,0,0,91000029,50,0,0,0,0
476,plogo1009,1009,黑暗先知,88887,300,2262500,91000029,500,0,0,0,0,91000029,50,0,0,0,0
477,plogo1009,1009,黑暗先知,88887,300,2262500,91000029,500,0,0,0,0,91000029,50,0,0,0,0
478,plogo1009,1009,黑暗先知,88887,300,2262500,91000029,500,0,0,0,0,91000029,50,0,0,0,0
479,plogo1009,1009,黑暗先知,88887,300,2262500,91000029,500,0,0,0,0,91000029,50,0,0,0,0
480,plogo1009,1009,黑暗先知,88887,300,2262500,91000029,500,0,0,0,0,91000029,50,0,0,0,0
481,plogo1009,1009,黑暗先知,88887,300,2262500,91000029,500,0,0,0,0,91000029,50,0,0,0,0
482,plogo1009,1009,黑暗先知,88887,300,2262500,91000029,500,0,0,0,0,91000029,50,0,0,0,0
483,plogo1009,1009,黑暗先知,88887,300,2262500,91000029,500,0,0,0,0,91000029,50,0,0,0,0
484,plogo1009,1009,黑暗先知,88887,300,2262500,91000029,500,0,0,0,0,91000029,50,0,0,0,0
485,plogo1009,1009,黑暗先知,88887,300,2262500,91000029,500,0,0,0,0,91000029,50,0,0,0,0
486,plogo1009,1009,黑暗先知,88887,300,2262500,91000029,500,0,0,0,0,91000029,50,0,0,0,0
487,plogo1009,1009,黑暗先知,88887,300,2262500,91000029,500,0,0,0,0,91000029,50,0,0,0,0
488,plogo1009,1009,黑暗先知,88887,300,2262500,91000029,500,0,0,0,0,91000029,50,0,0,0,0
489,plogo1009,1009,黑暗先知,88887,300,2262500,91000029,500,0,0,0,0,91000029,50,0,0,0,0
490,plogo1009,1009,黑暗先知,88887,300,2262500,91000029,500,0,0,0,0,91000029,50,0,0,0,0
491,plogo1009,1009,黑暗先知,88887,300,2262500,91000029,500,0,0,0,0,91000029,50,0,0,0,0
492,plogo1009,1009,黑暗先知,88887,300,2262500,91000029,500,0,0,0,0,91000029,50,0,0,0,0
493,plogo1009,1009,黑暗先知,88887,300,2262500,91000029,500,0,0,0,0,91000029,50,0,0,0,0
494,plogo1009,1009,黑暗先知,88887,300,2262500,91000029,500,0,0,0,0,91000029,50,0,0,0,0
495,plogo1009,1009,黑暗先知,88887,300,2262500,91000029,500,0,0,0,0,91000029,50,0,0,0,0
496,plogo1009,1009,黑暗先知,88887,300,2262500,91000029,500,0,0,0,0,91000029,50,0,0,0,0
497,plogo1009,1009,黑暗先知,88887,300,2262500,91000029,500,0,0,0,0,91000029,50,0,0,0,0
498,plogo1009,1009,黑暗先知,88887,300,2262500,91000029,500,0,0,0,0,91000029,50,0,0,0,0
499,plogo1009,1009,黑暗先知,88887,300,2262500,91000029,500,0,0,0,0,91000029,50,0,0,0,0
500,plogo1009,1009,黑暗先知,88887,300,2262500,91000029,500,0,0,0,0,91000029,50,0,0,0,0
501,plogo1009,1009,黑暗先知,88887,300,2262500,91000029,500,0,0,0,0,91000029,50,0,0,0,0
502,plogo1009,1009,黑暗先知,88887,300,2262500,91000029,500,0,0,0,0,91000029,50,0,0,0,0
503,plogo1009,1009,黑暗先知,88887,300,2262500,91000029,500,0,0,0,0,91000029,50,0,0,0,0
504,plogo1009,1009,黑暗先知,88887,300,2262500,91000029,500,0,0,0,0,91000029,50,0,0,0,0
505,plogo1009,1009,黑暗先知,88887,300,2262500,91000029,500,0,0,0,0,91000029,50,0,0,0,0
506,plogo1009,1009,黑暗先知,88887,300,2262500,91000029,500,0,0,0,0,91000029,50,0,0,0,0
507,plogo1009,1009,黑暗先知,88887,300,2262500,91000029,500,0,0,0,0,91000029,50,0,0,0,0
508,plogo1009,1009,黑暗先知,88887,300,2262500,91000029,500,0,0,0,0,91000029,50,0,0,0,0
509,plogo1009,1009,黑暗先知,88887,300,2262500,91000029,500,0,0,0,0,91000029,50,0,0,0,0
510,plogo1009,1009,黑暗先知,88887,300,2262500,91000029,500,0,0,0,0,91000029,50,0,0,0,0
511,plogo1009,1009,黑暗先知,88887,300,2262500,91000029,500,0,0,0,0,91000029,50,0,0,0,0
512,plogo1009,1009,黑暗先知,88887,300,2262500,91000029,500,0,0,0,0,91000029,50,0,0,0,0
513,plogo1009,1009,黑暗先知,88887,300,2262500,91000029,500,0,0,0,0,91000029,50,0,0,0,0
514,plogo1009,1009,黑暗先知,88887,300,2262500,91000029,500,0,0,0,0,91000029,50,0,0,0,0
515,plogo1009,1009,黑暗先知,88887,300,2262500,91000029,500,0,0,0,0,91000029,50,0,0,0,0
516,plogo1009,1009,黑暗先知,88887,300,2262500,91000029,500,0,0,0,0,91000029,50,0,0,0,0
517,plogo1009,1009,黑暗先知,88887,300,2262500,91000029,500,0,0,0,0,91000029,50,0,0,0,0
518,plogo1009,1009,黑暗先知,88887,300,2262500,91000029,500,0,0,0,0,91000029,50,0,0,0,0
519,plogo1009,1009,黑暗先知,88887,300,2262500,91000029,500,0,0,0,0,91000029,50,0,0,0,0
520,plogo1009,1009,黑暗先知,88887,300,2262500,91000029,500,0,0,0,0,91000029,50,0,0,0,0
521,plogo1009,1009,黑暗先知,88887,300,2262500,91000029,500,0,0,0,0,91000029,50,0,0,0,0
522,plogo1009,1009,黑暗先知,88887,300,2262500,91000029,500,0,0,0,0,91000029,50,0,0,0,0
523,plogo1009,1009,黑暗先知,88887,300,2262500,91000029,500,0,0,0,0,91000029,50,0,0,0,0
524,plogo1009,1009,黑暗先知,88887,300,2262500,91000029,500,0,0,0,0,91000029,50,0,0,0,0
525,plogo1009,1009,黑暗先知,88887,300,2262500,91000029,500,0,0,0,0,91000029,50,0,0,0,0
526,plogo1009,1009,黑暗先知,88887,300,2262500,91000029,500,0,0,0,0,91000029,50,0,0,0,0
527,plogo1009,1009,黑暗先知,88887,300,2262500,91000029,500,0,0,0,0,91000029,50,0,0,0,0
528,plogo1009,1009,黑暗先知,88887,300,2262500,91000029,500,0,0,0,0,91000029,50,0,0,0,0
529,plogo1009,1009,黑暗先知,88887,300,2262500,91000029,500,0,0,0,0,91000029,50,0,0,0,0
530,plogo1009,1009,黑暗先知,88887,300,2262500,91000029,500,0,0,0,0,91000029,50,0,0,0,0
531,plogo1009,1009,黑暗先知,88887,300,2262500,91000029,500,0,0,0,0,91000029,50,0,0,0,0
532,plogo1009,1009,黑暗先知,88887,300,2262500,91000029,500,0,0,0,0,91000029,50,0,0,0,0
533,plogo1009,1009,黑暗先知,88887,300,2262500,91000029,500,0,0,0,0,91000029,50,0,0,0,0
534,plogo1009,1009,黑暗先知,88887,300,2262500,91000029,500,0,0,0,0,91000029,50,0,0,0,0
535,plogo1009,1009,黑暗先知,88887,300,2262500,91000029,500,0,0,0,0,91000029,50,0,0,0,0
536,plogo1009,1009,黑暗先知,88887,300,2262500,91000029,500,0,0,0,0,91000029,50,0,0,0,0
537,plogo1009,1009,黑暗先知,88887,300,2262500,91000029,500,0,0,0,0,91000029,50,0,0,0,0
538,plogo1009,1009,黑暗先知,88887,300,2262500,91000029,500,0,0,0,0,91000029,50,0,0,0,0
539,plogo1009,1009,黑暗先知,88887,300,2262500,91000029,500,0,0,0,0,91000029,50,0,0,0,0
540,plogo1009,1009,黑暗先知,88887,300,2262500,91000029,500,0,0,0,0,91000029,50,0,0,0,0
541,plogo1009,1009,黑暗先知,88887,300,2262500,91000029,500,0,0,0,0,91000029,50,0,0,0,0
542,plogo1009,1009,黑暗先知,88887,300,2262500,91000029,500,0,0,0,0,91000029,50,0,0,0,0
543,plogo1009,1009,黑暗先知,88887,300,2262500,91000029,500,0,0,0,0,91000029,50,0,0,0,0
544,plogo1009,1009,黑暗先知,88887,300,2262500,91000029,500,0,0,0,0,91000029,50,0,0,0,0
545,plogo1009,1009,黑暗先知,88887,300,2262500,91000029,500,0,0,0,0,91000029,50,0,0,0,0
546,plogo1009,1009,黑暗先知,88887,300,2262500,91000029,500,0,0,0,0,91000029,50,0,0,0,0
547,plogo1009,1009,黑暗先知,88887,300,2262500,91000029,500,0,0,0,0,91000029,50,0,0,0,0
548,plogo1009,1009,黑暗先知,88887,300,2262500,91000029,500,0,0,0,0,91000029,50,0,0,0,0
549,plogo1009,1009,黑暗先知,88887,300,2262500,91000029,500,0,0,0,0,91000029,50,0,0,0,0
550,plogo1009,1009,黑暗先知,88887,300,2262500,91000029,500,0,0,0,0,91000029,50,0,0,0,0
551,plogo1009,1009,黑暗先知,88887,300,2262500,91000029,500,0,0,0,0,91000029,50,0,0,0,0
552,plogo1009,1009,黑暗先知,88887,300,2262500,91000029,500,0,0,0,0,91000029,50,0,0,0,0
553,plogo1009,1009,黑暗先知,88887,300,2262500,91000029,500,0,0,0,0,91000029,50,0,0,0,0
554,plogo1009,1009,黑暗先知,88887,300,2262500,91000029,500,0,0,0,0,91000029,50,0,0,0,0
555,plogo1009,1009,黑暗先知,88887,300,2262500,91000029,500,0,0,0,0,91000029,50,0,0,0,0
556,plogo1009,1009,黑暗先知,88887,300,2262500,91000029,500,0,0,0,0,91000029,50,0,0,0,0
557,plogo1009,1009,黑暗先知,88887,300,2262500,91000029,500,0,0,0,0,91000029,50,0,0,0,0
558,plogo1009,1009,黑暗先知,88887,300,2262500,91000029,500,0,0,0,0,91000029,50,0,0,0,0
559,plogo1009,1009,黑暗先知,88887,300,2262500,91000029,500,0,0,0,0,91000029,50,0,0,0,0
560,plogo1009,1009,黑暗先知,88887,300,2262500,91000029,500,0,0,0,0,91000029,50,0,0,0,0
561,plogo1009,1009,黑暗先知,88887,300,2262500,91000029,500,0,0,0,0,91000029,50,0,0,0,0
562,plogo1009,1009,黑暗先知,88887,300,2262500,91000029,500,0,0,0,0,91000029,50,0,0,0,0
563,plogo1009,1009,黑暗先知,88887,300,2262500,91000029,500,0,0,0,0,91000029,50,0,0,0,0
564,plogo1009,1009,黑暗先知,88887,300,2262500,91000029,500,0,0,0,0,91000029,50,0,0,0,0
565,plogo1009,1009,黑暗先知,88887,300,2262500,91000029,500,0,0,0,0,91000029,50,0,0,0,0
566,plogo1009,1009,黑暗先知,88887,300,2262500,91000029,500,0,0,0,0,91000029,50,0,0,0,0
567,plogo1009,1009,黑暗先知,88887,300,2262500,91000029,500,0,0,0,0,91000029,50,0,0,0,0
568,plogo1009,1009,黑暗先知,88887,300,2262500,91000029,500,0,0,0,0,91000029,50,0,0,0,0
569,plogo1009,1009,黑暗先知,88887,300,2262500,91000029,500,0,0,0,0,91000029,50,0,0,0,0
570,plogo1009,1009,黑暗先知,88887,300,2262500,91000029,500,0,0,0,0,91000029,50,0,0,0,0
571,plogo1009,1009,黑暗先知,88887,300,2262500,91000029,500,0,0,0,0,91000029,50,0,0,0,0
572,plogo1009,1009,黑暗先知,88887,300,2262500,91000029,500,0,0,0,0,91000029,50,0,0,0,0
573,plogo1009,1009,黑暗先知,88887,300,2262500,91000029,500,0,0,0,0,91000029,50,0,0,0,0
574,plogo1009,1009,黑暗先知,88887,300,2262500,91000029,500,0,0,0,0,91000029,50,0,0,0,0
575,plogo1009,1009,黑暗先知,88887,300,2262500,91000029,500,0,0,0,0,91000029,50,0,0,0,0
576,plogo1009,1009,黑暗先知,88887,300,2262500,91000029,500,0,0,0,0,91000029,50,0,0,0,0
577,plogo1009,1009,黑暗先知,88887,300,2262500,91000029,500,0,0,0,0,91000029,50,0,0,0,0
578,plogo1009,1009,黑暗先知,88887,300,2262500,91000029,500,0,0,0,0,91000029,50,0,0,0,0
579,plogo1009,1009,黑暗先知,88887,300,2262500,91000029,500,0,0,0,0,91000029,50,0,0,0,0
580,plogo1009,1009,黑暗先知,88887,300,2262500,91000029,500,0,0,0,0,91000029,50,0,0,0,0
581,plogo1009,1009,黑暗先知,88887,300,2262500,91000029,500,0,0,0,0,91000029,50,0,0,0,0
582,plogo1009,1009,黑暗先知,88887,300,2262500,91000029,500,0,0,0,0,91000029,50,0,0,0,0
583,plogo1009,1009,黑暗先知,88887,300,2262500,91000029,500,0,0,0,0,91000029,50,0,0,0,0
584,plogo1009,1009,黑暗先知,88887,300,2262500,91000029,500,0,0,0,0,91000029,50,0,0,0,0
585,plogo1009,1009,黑暗先知,88887,300,2262500,91000029,500,0,0,0,0,91000029,50,0,0,0,0
586,plogo1009,1009,黑暗先知,88887,300,2262500,91000029,500,0,0,0,0,91000029,50,0,0,0,0
587,plogo1009,1009,黑暗先知,88887,300,2262500,91000029,500,0,0,0,0,91000029,50,0,0,0,0
588,plogo1009,1009,黑暗先知,88887,300,2262500,91000029,500,0,0,0,0,91000029,50,0,0,0,0
589,plogo1009,1009,黑暗先知,88887,300,2262500,91000029,500,0,0,0,0,91000029,50,0,0,0,0
590,plogo1009,1009,黑暗先知,88887,300,2262500,91000029,500,0,0,0,0,91000029,50,0,0,0,0
591,plogo1009,1009,黑暗先知,88887,300,2262500,91000029,500,0,0,0,0,91000029,50,0,0,0,0
592,plogo1009,1009,黑暗先知,88887,300,2262500,91000029,500,0,0,0,0,91000029,50,0,0,0,0
593,plogo1009,1009,黑暗先知,88887,300,2262500,91000029,500,0,0,0,0,91000029,50,0,0,0,0
594,plogo1009,1009,黑暗先知,88887,300,2262500,91000029,500,0,0,0,0,91000029,50,0,0,0,0
595,plogo1009,1009,黑暗先知,88887,300,2262500,91000029,500,0,0,0,0,91000029,50,0,0,0,0
596,plogo1009,1009,黑暗先知,88887,300,2262500,91000029,500,0,0,0,0,91000029,50,0,0,0,0
597,plogo1009,1009,黑暗先知,88887,300,2262500,91000029,500,0,0,0,0,91000029,50,0,0,0,0
598,plogo1009,1009,黑暗先知,88887,300,2262500,91000029,500,0,0,0,0,91000029,50,0,0,0,0
599,plogo1009,1009,黑暗先知,88887,300,2262500,91000029,500,0,0,0,0,91000029,50,0,0,0,0
600,plogo1009,1009,黑暗先知,88887,300,2262500,91000029,500,0,0,0,0,91000029,50,0,0,0,0
601,plogo1009,1009,黑暗先知,88887,300,2262500,91000029,500,0,0,0,0,91000029,50,0,0,0,0
602,plogo1009,1009,黑暗先知,88887,300,2262500,91000029,500,0,0,0,0,91000029,50,0,0,0,0
603,plogo1009,1009,黑暗先知,88887,300,2262500,91000029,500,0,0,0,0,91000029,50,0,0,0,0
604,plogo1009,1009,黑暗先知,88887,300,2262500,91000029,500,0,0,0,0,91000029,50,0,0,0,0
605,plogo1009,1009,黑暗先知,88887,300,2262500,91000029,500,0,0,0,0,91000029,50,0,0,0,0
606,plogo1009,1009,黑暗先知,88887,300,2262500,91000029,500,0,0,0,0,91000029,50,0,0,0,0
607,plogo1009,1009,黑暗先知,88887,300,2262500,91000029,500,0,0,0,0,91000029,50,0,0,0,0
608,plogo1009,1009,黑暗先知,88887,300,2262500,91000029,500,0,0,0,0,91000029,50,0,0,0,0
609,plogo1009,1009,黑暗先知,88887,300,2262500,91000029,500,0,0,0,0,91000029,50,0,0,0,0
610,plogo1009,1009,黑暗先知,88887,300,2262500,91000029,500,0,0,0,0,91000029,50,0,0,0,0
611,plogo1009,1009,黑暗先知,88887,300,2262500,91000029,500,0,0,0,0,91000029,50,0,0,0,0
612,plogo1009,1009,黑暗先知,88887,300,2262500,91000029,500,0,0,0,0,91000029,50,0,0,0,0
613,plogo1009,1009,黑暗先知,88887,300,2262500,91000029,500,0,0,0,0,91000029,50,0,0,0,0
614,plogo1009,1009,黑暗先知,88887,300,2262500,91000029,500,0,0,0,0,91000029,50,0,0,0,0
615,plogo1009,1009,黑暗先知,88887,300,2262500,91000029,500,0,0,0,0,91000029,50,0,0,0,0
616,plogo1009,1009,黑暗先知,88887,300,2262500,91000029,500,0,0,0,0,91000029,50,0,0,0,0
617,plogo1009,1009,黑暗先知,88887,300,2262500,91000029,500,0,0,0,0,91000029,50,0,0,0,0
618,plogo1009,1009,黑暗先知,88887,300,2262500,91000029,500,0,0,0,0,91000029,50,0,0,0,0
619,plogo1009,1009,黑暗先知,88887,300,2262500,91000029,500,0,0,0,0,91000029,50,0,0,0,0
620,plogo1009,1009,黑暗先知,88887,300,2262500,91000029,500,0,0,0,0,91000029,50,0,0,0,0
621,plogo1009,1009,黑暗先知,88887,300,2262500,91000029,500,0,0,0,0,91000029,50,0,0,0,0
622,plogo1009,1009,黑暗先知,88887,300,2262500,91000029,500,0,0,0,0,91000029,50,0,0,0,0
623,plogo1009,1009,黑暗先知,88887,300,2262500,91000029,500,0,0,0,0,91000029,50,0,0,0,0
624,plogo1009,1009,黑暗先知,88887,300,2262500,91000029,500,0,0,0,0,91000029,50,0,0,0,0
625,plogo1009,1009,黑暗先知,88887,300,2262500,91000029,500,0,0,0,0,91000029,50,0,0,0,0
626,plogo1009,1009,黑暗先知,88887,300,2262500,91000029,500,0,0,0,0,91000029,50,0,0,0,0
627,plogo1009,1009,黑暗先知,88887,300,2262500,91000029,500,0,0,0,0,91000029,50,0,0,0,0
628,plogo1009,1009,黑暗先知,88887,300,2262500,91000029,500,0,0,0,0,91000029,50,0,0,0,0
629,plogo1009,1009,黑暗先知,88887,300,2262500,91000029,500,0,0,0,0,91000029,50,0,0,0,0
630,plogo1009,1009,黑暗先知,88887,300,2262500,91000029,500,0,0,0,0,91000029,50,0,0,0,0
631,plogo1009,1009,黑暗先知,88887,300,2262500,91000029,500,0,0,0,0,91000029,50,0,0,0,0
632,plogo1009,1009,黑暗先知,88887,300,2262500,91000029,500,0,0,0,0,91000029,50,0,0,0,0
633,plogo1009,1009,黑暗先知,88887,300,2262500,91000029,500,0,0,0,0,91000029,50,0,0,0,0
634,plogo1009,1009,黑暗先知,88887,300,2262500,91000029,500,0,0,0,0,91000029,50,0,0,0,0
635,plogo1009,1009,黑暗先知,88887,300,2262500,91000029,500,0,0,0,0,91000029,50,0,0,0,0
636,plogo1009,1009,黑暗先知,88887,300,2262500,91000029,500,0,0,0,0,91000029,50,0,0,0,0
637,plogo1009,1009,黑暗先知,88887,300,2262500,91000029,500,0,0,0,0,91000029,50,0,0,0,0
638,plogo1009,1009,黑暗先知,88887,300,2262500,91000029,500,0,0,0,0,91000029,50,0,0,0,0
639,plogo1009,1009,黑暗先知,88887,300,2262500,91000029,500,0,0,0,0,91000029,50,0,0,0,0
640,plogo1009,1009,黑暗先知,88887,300,2262500,91000029,500,0,0,0,0,91000029,50,0,0,0,0
641,plogo1009,1009,黑暗先知,88887,300,2262500,91000029,500,0,0,0,0,91000029,50,0,0,0,0
642,plogo1009,1009,黑暗先知,88887,300,2262500,91000029,500,0,0,0,0,91000029,50,0,0,0,0
643,plogo1009,1009,黑暗先知,88887,300,2262500,91000029,500,0,0,0,0,91000029,50,0,0,0,0
644,plogo1009,1009,黑暗先知,88887,300,2262500,91000029,500,0,0,0,0,91000029,50,0,0,0,0
645,plogo1009,1009,黑暗先知,88887,300,2262500,91000029,500,0,0,0,0,91000029,50,0,0,0,0
646,plogo1009,1009,黑暗先知,88887,300,2262500,91000029,500,0,0,0,0,91000029,50,0,0,0,0
647,plogo1009,1009,黑暗先知,88887,300,2262500,91000029,500,0,0,0,0,91000029,50,0,0,0,0
648,plogo1009,1009,黑暗先知,88887,300,2262500,91000029,500,0,0,0,0,91000029,50,0,0,0,0
649,plogo1009,1009,黑暗先知,88887,300,2262500,91000029,500,0,0,0,0,91000029,50,0,0,0,0
650,plogo1009,1009,黑暗先知,88887,300,2262500,91000029,500,0,0,0,0,91000029,50,0,0,0,0
651,plogo1009,1009,黑暗先知,88887,300,2262500,91000029,500,0,0,0,0,91000029,50,0,0,0,0
652,plogo1009,1009,黑暗先知,88887,300,2262500,91000029,500,0,0,0,0,91000029,50,0,0,0,0
653,plogo1009,1009,黑暗先知,88887,300,2262500,91000029,500,0,0,0,0,91000029,50,0,0,0,0
654,plogo1009,1009,黑暗先知,88887,300,2262500,91000029,500,0,0,0,0,91000029,50,0,0,0,0
655,plogo1009,1009,黑暗先知,88887,300,2262500,91000029,500,0,0,0,0,91000029,50,0,0,0,0
656,plogo1009,1009,黑暗先知,88887,300,2262500,91000029,500,0,0,0,0,91000029,50,0,0,0,0
657,plogo1009,1009,黑暗先知,88887,300,2262500,91000029,500,0,0,0,0,91000029,50,0,0,0,0
658,plogo1009,1009,黑暗先知,88887,300,2262500,91000029,500,0,0,0,0,91000029,50,0,0,0,0
659,plogo1009,1009,黑暗先知,88887,300,2262500,91000029,500,0,0,0,0,91000029,50,0,0,0,0
660,plogo1009,1009,黑暗先知,88887,300,2262500,91000029,500,0,0,0,0,91000029,50,0,0,0,0
661,plogo1009,1009,黑暗先知,88887,300,2262500,91000029,500,0,0,0,0,91000029,50,0,0,0,0
662,plogo1009,1009,黑暗先知,88887,300,2262500,91000029,500,0,0,0,0,91000029,50,0,0,0,0
663,plogo1009,1009,黑暗先知,88887,300,2262500,91000029,500,0,0,0,0,91000029,50,0,0,0,0
664,plogo1009,1009,黑暗先知,88887,300,2262500,91000029,500,0,0,0,0,91000029,50,0,0,0,0
665,plogo1009,1009,黑暗先知,88887,300,2262500,91000029,500,0,0,0,0,91000029,50,0,0,0,0
666,plogo1009,1009,黑暗先知,88887,300,2262500,91000029,500,0,0,0,0,91000029,50,0,0,0,0
667,plogo1009,1009,黑暗先知,88887,300,2262500,91000029,500,0,0,0,0,91000029,50,0,0,0,0
668,plogo1009,1009,黑暗先知,88887,300,2262500,91000029,500,0,0,0,0,91000029,50,0,0,0,0
669,plogo1009,1009,黑暗先知,88887,300,2262500,91000029,500,0,0,0,0,91000029,50,0,0,0,0
670,plogo1009,1009,黑暗先知,88887,300,2262500,91000029,500,0,0,0,0,91000029,50,0,0,0,0
671,plogo1009,1009,黑暗先知,88887,300,2262500,91000029,500,0,0,0,0,91000029,50,0,0,0,0
672,plogo1009,1009,黑暗先知,88887,300,2262500,91000029,500,0,0,0,0,91000029,50,0,0,0,0
673,plogo1009,1009,黑暗先知,88887,300,2262500,91000029,500,0,0,0,0,91000029,50,0,0,0,0
674,plogo1009,1009,黑暗先知,88887,300,2262500,91000029,500,0,0,0,0,91000029,50,0,0,0,0
675,plogo1009,1009,黑暗先知,88887,300,2262500,91000029,500,0,0,0,0,91000029,50,0,0,0,0
676,plogo1009,1009,黑暗先知,88887,300,2262500,91000029,500,0,0,0,0,91000029,50,0,0,0,0
677,plogo1009,1009,黑暗先知,88887,300,2262500,91000029,500,0,0,0,0,91000029,50,0,0,0,0
678,plogo1009,1009,黑暗先知,88887,300,2262500,91000029,500,0,0,0,0,91000029,50,0,0,0,0
679,plogo1009,1009,黑暗先知,88887,300,2262500,91000029,500,0,0,0,0,91000029,50,0,0,0,0
680,plogo1009,1009,黑暗先知,88887,300,2262500,91000029,500,0,0,0,0,91000029,50,0,0,0,0
681,plogo1009,1009,黑暗先知,88887,300,2262500,91000029,500,0,0,0,0,91000029,50,0,0,0,0
682,plogo1009,1009,黑暗先知,88887,300,2262500,91000029,500,0,0,0,0,91000029,50,0,0,0,0
683,plogo1009,1009,黑暗先知,88887,300,2262500,91000029,500,0,0,0,0,91000029,50,0,0,0,0
684,plogo1009,1009,黑暗先知,88887,300,2262500,91000029,500,0,0,0,0,91000029,50,0,0,0,0
685,plogo1009,1009,黑暗先知,88887,300,2262500,91000029,500,0,0,0,0,91000029,50,0,0,0,0
686,plogo1009,1009,黑暗先知,88887,300,2262500,91000029,500,0,0,0,0,91000029,50,0,0,0,0
687,plogo1009,1009,黑暗先知,88887,300,2262500,91000029,500,0,0,0,0,91000029,50,0,0,0,0
688,plogo1009,1009,黑暗先知,88887,300,2262500,91000029,500,0,0,0,0,91000029,50,0,0,0,0
689,plogo1009,1009,黑暗先知,88887,300,2262500,91000029,500,0,0,0,0,91000029,50,0,0,0,0
690,plogo1009,1009,黑暗先知,88887,300,2262500,91000029,500,0,0,0,0,91000029,50,0,0,0,0
691,plogo1009,1009,黑暗先知,88887,300,2262500,91000029,500,0,0,0,0,91000029,50,0,0,0,0
692,plogo1009,1009,黑暗先知,88887,300,2262500,91000029,500,0,0,0,0,91000029,50,0,0,0,0
693,plogo1009,1009,黑暗先知,88887,300,2262500,91000029,500,0,0,0,0,91000029,50,0,0,0,0
694,plogo1009,1009,黑暗先知,88887,300,2262500,91000029,500,0,0,0,0,91000029,50,0,0,0,0
695,plogo1009,1009,黑暗先知,88887,300,2262500,91000029,500,0,0,0,0,91000029,50,0,0,0,0
696,plogo1009,1009,黑暗先知,88887,300,2262500,91000029,500,0,0,0,0,91000029,50,0,0,0,0
697,plogo1009,1009,黑暗先知,88887,300,2262500,91000029,500,0,0,0,0,91000029,50,0,0,0,0
698,plogo1009,1009,黑暗先知,88887,300,2262500,91000029,500,0,0,0,0,91000029,50,0,0,0,0
699,plogo1009,1009,黑暗先知,88887,300,2262500,91000029,500,0,0,0,0,91000029,50,0,0,0,0
700,plogo1009,1009,黑暗先知,88887,300,2262500,91000029,500,0,0,0,0,91000029,50,0,0,0,0
701,plogo1009,1009,黑暗先知,88887,300,2262500,91000029,500,0,0,0,0,91000029,50,0,0,0,0
702,plogo1009,1009,黑暗先知,88887,300,2262500,91000029,500,0,0,0,0,91000029,50,0,0,0,0
703,plogo1009,1009,黑暗先知,88887,300,2262500,91000029,500,0,0,0,0,91000029,50,0,0,0,0
704,plogo1009,1009,黑暗先知,88887,300,2262500,91000029,500,0,0,0,0,91000029,50,0,0,0,0
705,plogo1009,1009,黑暗先知,88887,300,2262500,91000029,500,0,0,0,0,91000029,50,0,0,0,0
706,plogo1009,1009,黑暗先知,88887,300,2262500,91000029,500,0,0,0,0,91000029,50,0,0,0,0
707,plogo1009,1009,黑暗先知,88887,300,2262500,91000029,500,0,0,0,0,91000029,50,0,0,0,0
708,plogo1009,1009,黑暗先知,88887,300,2262500,91000029,500,0,0,0,0,91000029,50,0,0,0,0
709,plogo1009,1009,黑暗先知,88887,300,2262500,91000029,500,0,0,0,0,91000029,50,0,0,0,0
710,plogo1009,1009,黑暗先知,88887,300,2262500,91000029,500,0,0,0,0,91000029,50,0,0,0,0
711,plogo1009,1009,黑暗先知,88887,300,2262500,91000029,500,0,0,0,0,91000029,50,0,0,0,0
712,plogo1009,1009,黑暗先知,88887,300,2262500,91000029,500,0,0,0,0,91000029,50,0,0,0,0
713,plogo1009,1009,黑暗先知,88887,300,2262500,91000029,500,0,0,0,0,91000029,50,0,0,0,0
714,plogo1009,1009,黑暗先知,88887,300,2262500,91000029,500,0,0,0,0,91000029,50,0,0,0,0
715,plogo1009,1009,黑暗先知,88887,300,2262500,91000029,500,0,0,0,0,91000029,50,0,0,0,0
716,plogo1009,1009,黑暗先知,88887,300,2262500,91000029,500,0,0,0,0,91000029,50,0,0,0,0
717,plogo1009,1009,黑暗先知,88887,300,2262500,91000029,500,0,0,0,0,91000029,50,0,0,0,0
718,plogo1009,1009,黑暗先知,88887,300,2262500,91000029,500,0,0,0,0,91000029,50,0,0,0,0
719,plogo1009,1009,黑暗先知,88887,300,2262500,91000029,500,0,0,0,0,91000029,50,0,0,0,0
720,plogo1009,1009,黑暗先知,88887,300,2262500,91000029,500,0,0,0,0,91000029,50,0,0,0,0
721,plogo1009,1009,黑暗先知,88887,300,2262500,91000029,500,0,0,0,0,91000029,50,0,0,0,0
722,plogo1009,1009,黑暗先知,88887,300,2262500,91000029,500,0,0,0,0,91000029,50,0,0,0,0
723,plogo1009,1009,黑暗先知,88887,300,2262500,91000029,500,0,0,0,0,91000029,50,0,0,0,0
724,plogo1009,1009,黑暗先知,88887,300,2262500,91000029,500,0,0,0,0,91000029,50,0,0,0,0
725,plogo1009,1009,黑暗先知,88887,300,2262500,91000029,500,0,0,0,0,91000029,50,0,0,0,0
726,plogo1009,1009,黑暗先知,88887,300,2262500,91000029,500,0,0,0,0,91000029,50,0,0,0,0
727,plogo1009,1009,黑暗先知,88887,300,2262500,91000029,500,0,0,0,0,91000029,50,0,0,0,0
728,plogo1009,1009,黑暗先知,88887,300,2262500,91000029,500,0,0,0,0,91000029,50,0,0,0,0
729,plogo1009,1009,黑暗先知,88887,300,2262500,91000029,500,0,0,0,0,91000029,50,0,0,0,0
730,plogo1009,1009,黑暗先知,88887,300,2262500,91000029,500,0,0,0,0,91000029,50,0,0,0,0
731,plogo1009,1009,黑暗先知,88887,300,2262500,91000029,500,0,0,0,0,91000029,50,0,0,0,0
732,plogo1009,1009,黑暗先知,88887,300,2262500,91000029,500,0,0,0,0,91000029,50,0,0,0,0
733,plogo1009,1009,黑暗先知,88887,300,2262500,91000029,500,0,0,0,0,91000029,50,0,0,0,0
734,plogo1009,1009,黑暗先知,88887,300,2262500,91000029,500,0,0,0,0,91000029,50,0,0,0,0
735,plogo1009,1009,黑暗先知,88887,300,2262500,91000029,500,0,0,0,0,91000029,50,0,0,0,0
736,plogo1009,1009,黑暗先知,88887,300,2262500,91000029,500,0,0,0,0,91000029,50,0,0,0,0
737,plogo1009,1009,黑暗先知,88887,300,2262500,91000029,500,0,0,0,0,91000029,50,0,0,0,0
738,plogo1009,1009,黑暗先知,88887,300,2262500,91000029,500,0,0,0,0,91000029,50,0,0,0,0
739,plogo1009,1009,黑暗先知,88887,300,2262500,91000029,500,0,0,0,0,91000029,50,0,0,0,0
740,plogo1009,1009,黑暗先知,88887,300,2262500,91000029,500,0,0,0,0,91000029,50,0,0,0,0
741,plogo1009,1009,黑暗先知,88887,300,2262500,91000029,500,0,0,0,0,91000029,50,0,0,0,0
742,plogo1009,1009,黑暗先知,88887,300,2262500,91000029,500,0,0,0,0,91000029,50,0,0,0,0
743,plogo1009,1009,黑暗先知,88887,300,2262500,91000029,500,0,0,0,0,91000029,50,0,0,0,0
744,plogo1009,1009,黑暗先知,88887,300,2262500,91000029,500,0,0,0,0,91000029,50,0,0,0,0
745,plogo1009,1009,黑暗先知,88887,300,2262500,91000029,500,0,0,0,0,91000029,50,0,0,0,0
746,plogo1009,1009,黑暗先知,88887,300,2262500,91000029,500,0,0,0,0,91000029,50,0,0,0,0
747,plogo1009,1009,黑暗先知,88887,300,2262500,91000029,500,0,0,0,0,91000029,50,0,0,0,0
748,plogo1009,1009,黑暗先知,88887,300,2262500,91000029,500,0,0,0,0,91000029,50,0,0,0,0
749,plogo1009,1009,黑暗先知,88887,300,2262500,91000029,500,0,0,0,0,91000029,50,0,0,0,0
750,plogo1009,1009,黑暗先知,88887,300,2262500,91000029,500,0,0,0,0,91000029,50,0,0,0,0
751,plogo1009,1009,黑暗先知,88887,300,2262500,91000029,500,0,0,0,0,91000029,50,0,0,0,0
752,plogo1009,1009,黑暗先知,88887,300,2262500,91000029,500,0,0,0,0,91000029,50,0,0,0,0
753,plogo1009,1009,黑暗先知,88887,300,2262500,91000029,500,0,0,0,0,91000029,50,0,0,0,0
754,plogo1009,1009,黑暗先知,88887,300,2262500,91000029,500,0,0,0,0,91000029,50,0,0,0,0
755,plogo1009,1009,黑暗先知,88887,300,2262500,91000029,500,0,0,0,0,91000029,50,0,0,0,0
756,plogo1009,1009,黑暗先知,88887,300,2262500,91000029,500,0,0,0,0,91000029,50,0,0,0,0
757,plogo1009,1009,黑暗先知,88887,300,2262500,91000029,500,0,0,0,0,91000029,50,0,0,0,0
758,plogo1009,1009,黑暗先知,88887,300,2262500,91000029,500,0,0,0,0,91000029,50,0,0,0,0
759,plogo1009,1009,黑暗先知,88887,300,2262500,91000029,500,0,0,0,0,91000029,50,0,0,0,0
760,plogo1009,1009,黑暗先知,88887,300,2262500,91000029,500,0,0,0,0,91000029,50,0,0,0,0
761,plogo1009,1009,黑暗先知,88887,300,2262500,91000029,500,0,0,0,0,91000029,50,0,0,0,0
762,plogo1009,1009,黑暗先知,88887,300,2262500,91000029,500,0,0,0,0,91000029,50,0,0,0,0
763,plogo1009,1009,黑暗先知,88887,300,2262500,91000029,500,0,0,0,0,91000029,50,0,0,0,0
764,plogo1009,1009,黑暗先知,88887,300,2262500,91000029,500,0,0,0,0,91000029,50,0,0,0,0
765,plogo1009,1009,黑暗先知,88887,300,2262500,91000029,500,0,0,0,0,91000029,50,0,0,0,0
766,plogo1009,1009,黑暗先知,88887,300,2262500,91000029,500,0,0,0,0,91000029,50,0,0,0,0
767,plogo1009,1009,黑暗先知,88887,300,2262500,91000029,500,0,0,0,0,91000029,50,0,0,0,0
768,plogo1009,1009,黑暗先知,88887,300,2262500,91000029,500,0,0,0,0,91000029,50,0,0,0,0
769,plogo1009,1009,黑暗先知,88887,300,2262500,91000029,500,0,0,0,0,91000029,50,0,0,0,0
770,plogo1009,1009,黑暗先知,88887,300,2262500,91000029,500,0,0,0,0,91000029,50,0,0,0,0
771,plogo1009,1009,黑暗先知,88887,300,2262500,91000029,500,0,0,0,0,91000029,50,0,0,0,0
772,plogo1009,1009,黑暗先知,88887,300,2262500,91000029,500,0,0,0,0,91000029,50,0,0,0,0
773,plogo1009,1009,黑暗先知,88887,300,2262500,91000029,500,0,0,0,0,91000029,50,0,0,0,0
774,plogo1009,1009,黑暗先知,88887,300,2262500,91000029,500,0,0,0,0,91000029,50,0,0,0,0
775,plogo1009,1009,黑暗先知,88887,300,2262500,91000029,500,0,0,0,0,91000029,50,0,0,0,0
776,plogo1009,1009,黑暗先知,88887,300,2262500,91000029,500,0,0,0,0,91000029,50,0,0,0,0
777,plogo1009,1009,黑暗先知,88887,300,2262500,91000029,500,0,0,0,0,91000029,50,0,0,0,0
778,plogo1009,1009,黑暗先知,88887,300,2262500,91000029,500,0,0,0,0,91000029,50,0,0,0,0
779,plogo1009,1009,黑暗先知,88887,300,2262500,91000029,500,0,0,0,0,91000029,50,0,0,0,0
780,plogo1009,1009,黑暗先知,88887,300,2262500,91000029,500,0,0,0,0,91000029,50,0,0,0,0
781,plogo1009,1009,黑暗先知,88887,300,2262500,91000029,500,0,0,0,0,91000029,50,0,0,0,0
782,plogo1009,1009,黑暗先知,88887,300,2262500,91000029,500,0,0,0,0,91000029,50,0,0,0,0
783,plogo1009,1009,黑暗先知,88887,300,2262500,91000029,500,0,0,0,0,91000029,50,0,0,0,0
784,plogo1009,1009,黑暗先知,88887,300,2262500,91000029,500,0,0,0,0,91000029,50,0,0,0,0
785,plogo1009,1009,黑暗先知,88887,300,2262500,91000029,500,0,0,0,0,91000029,50,0,0,0,0
786,plogo1009,1009,黑暗先知,88887,300,2262500,91000029,500,0,0,0,0,91000029,50,0,0,0,0
787,plogo1009,1009,黑暗先知,88887,300,2262500,91000029,500,0,0,0,0,91000029,50,0,0,0,0
788,plogo1009,1009,黑暗先知,88887,300,2262500,91000029,500,0,0,0,0,91000029,50,0,0,0,0
789,plogo1009,1009,黑暗先知,88887,300,2262500,91000029,500,0,0,0,0,91000029,50,0,0,0,0
790,plogo1009,1009,黑暗先知,88887,300,2262500,91000029,500,0,0,0,0,91000029,50,0,0,0,0
791,plogo1009,1009,黑暗先知,88887,300,2262500,91000029,500,0,0,0,0,91000029,50,0,0,0,0
792,plogo1009,1009,黑暗先知,88887,300,2262500,91000029,500,0,0,0,0,91000029,50,0,0,0,0
793,plogo1009,1009,黑暗先知,88887,300,2262500,91000029,500,0,0,0,0,91000029,50,0,0,0,0
794,plogo1009,1009,黑暗先知,88887,300,2262500,91000029,500,0,0,0,0,91000029,50,0,0,0,0
795,plogo1009,1009,黑暗先知,88887,300,2262500,91000029,500,0,0,0,0,91000029,50,0,0,0,0
796,plogo1009,1009,黑暗先知,88887,300,2262500,91000029,500,0,0,0,0,91000029,50,0,0,0,0
797,plogo1009,1009,黑暗先知,88887,300,2262500,91000029,500,0,0,0,0,91000029,50,0,0,0,0
798,plogo1009,1009,黑暗先知,88887,300,2262500,91000029,500,0,0,0,0,91000029,50,0,0,0,0
799,plogo1009,1009,黑暗先知,88887,300,2262500,91000029,500,0,0,0,0,91000029,50,0,0,0,0
800,plogo1009,1009,黑暗先知,88887,300,2262500,91000029,500,0,0,0,0,91000029,50,0,0,0,0
801,plogo1009,1009,黑暗先知,88887,300,2262500,91000029,500,0,0,0,0,91000029,50,0,0,0,0
802,plogo1009,1009,黑暗先知,88887,300,2262500,91000029,500,0,0,0,0,91000029,50,0,0,0,0
803,plogo1009,1009,黑暗先知,88887,300,2262500,91000029,500,0,0,0,0,91000029,50,0,0,0,0
804,plogo1009,1009,黑暗先知,88887,300,2262500,91000029,500,0,0,0,0,91000029,50,0,0,0,0
805,plogo1009,1009,黑暗先知,88887,300,2262500,91000029,500,0,0,0,0,91000029,50,0,0,0,0
806,plogo1009,1009,黑暗先知,88887,300,2262500,91000029,500,0,0,0,0,91000029,50,0,0,0,0
807,plogo1009,1009,黑暗先知,88887,300,2262500,91000029,500,0,0,0,0,91000029,50,0,0,0,0
808,plogo1009,1009,黑暗先知,88887,300,2262500,91000029,500,0,0,0,0,91000029,50,0,0,0,0
809,plogo1009,1009,黑暗先知,88887,300,2262500,91000029,500,0,0,0,0,91000029,50,0,0,0,0
810,plogo1009,1009,黑暗先知,88887,300,2262500,91000029,500,0,0,0,0,91000029,50,0,0,0,0
811,plogo1009,1009,黑暗先知,88887,300,2262500,91000029,500,0,0,0,0,91000029,50,0,0,0,0
812,plogo1009,1009,黑暗先知,88887,300,2262500,91000029,500,0,0,0,0,91000029,50,0,0,0,0
813,plogo1009,1009,黑暗先知,88887,300,2262500,91000029,500,0,0,0,0,91000029,50,0,0,0,0
814,plogo1009,1009,黑暗先知,88887,300,2262500,91000029,500,0,0,0,0,91000029,50,0,0,0,0
815,plogo1009,1009,黑暗先知,88887,300,2262500,91000029,500,0,0,0,0,91000029,50,0,0,0,0
816,plogo1009,1009,黑暗先知,88887,300,2262500,91000029,500,0,0,0,0,91000029,50,0,0,0,0
817,plogo1009,1009,黑暗先知,88887,300,2262500,91000029,500,0,0,0,0,91000029,50,0,0,0,0
818,plogo1009,1009,黑暗先知,88887,300,2262500,91000029,500,0,0,0,0,91000029,50,0,0,0,0
819,plogo1009,1009,黑暗先知,88887,300,2262500,91000029,500,0,0,0,0,91000029,50,0,0,0,0
820,plogo1009,1009,黑暗先知,88887,300,2262500,91000029,500,0,0,0,0,91000029,50,0,0,0,0
821,plogo1009,1009,黑暗先知,88887,300,2262500,91000029,500,0,0,0,0,91000029,50,0,0,0,0
822,plogo1009,1009,黑暗先知,88887,300,2262500,91000029,500,0,0,0,0,91000029,50,0,0,0,0
823,plogo1009,1009,黑暗先知,88887,300,2262500,91000029,500,0,0,0,0,91000029,50,0,0,0,0
824,plogo1009,1009,黑暗先知,88887,300,2262500,91000029,500,0,0,0,0,91000029,50,0,0,0,0
825,plogo1009,1009,黑暗先知,88887,300,2262500,91000029,500,0,0,0,0,91000029,50,0,0,0,0
826,plogo1009,1009,黑暗先知,88887,300,2262500,91000029,500,0,0,0,0,91000029,50,0,0,0,0
827,plogo1009,1009,黑暗先知,88887,300,2262500,91000029,500,0,0,0,0,91000029,50,0,0,0,0
828,plogo1009,1009,黑暗先知,88887,300,2262500,91000029,500,0,0,0,0,91000029,50,0,0,0,0
829,plogo1009,1009,黑暗先知,88887,300,2262500,91000029,500,0,0,0,0,91000029,50,0,0,0,0
830,plogo1009,1009,黑暗先知,88887,300,2262500,91000029,500,0,0,0,0,91000029,50,0,0,0,0
831,plogo1009,1009,黑暗先知,88887,300,2262500,91000029,500,0,0,0,0,91000029,50,0,0,0,0
832,plogo1009,1009,黑暗先知,88887,300,2262500,91000029,500,0,0,0,0,91000029,50,0,0,0,0
833,plogo1009,1009,黑暗先知,88887,300,2262500,91000029,500,0,0,0,0,91000029,50,0,0,0,0
834,plogo1009,1009,黑暗先知,88887,300,2262500,91000029,500,0,0,0,0,91000029,50,0,0,0,0
835,plogo1009,1009,黑暗先知,88887,300,2262500,91000029,500,0,0,0,0,91000029,50,0,0,0,0
836,plogo1009,1009,黑暗先知,88887,300,2262500,91000029,500,0,0,0,0,91000029,50,0,0,0,0
837,plogo1009,1009,黑暗先知,88887,300,2262500,91000029,500,0,0,0,0,91000029,50,0,0,0,0
838,plogo1009,1009,黑暗先知,88887,300,2262500,91000029,500,0,0,0,0,91000029,50,0,0,0,0
839,plogo1009,1009,黑暗先知,88887,300,2262500,91000029,500,0,0,0,0,91000029,50,0,0,0,0
840,plogo1009,1009,黑暗先知,88887,300,2262500,91000029,500,0,0,0,0,91000029,50,0,0,0,0
841,plogo1009,1009,黑暗先知,88887,300,2262500,91000029,500,0,0,0,0,91000029,50,0,0,0,0
842,plogo1009,1009,黑暗先知,88887,300,2262500,91000029,500,0,0,0,0,91000029,50,0,0,0,0
843,plogo1009,1009,黑暗先知,88887,300,2262500,91000029,500,0,0,0,0,91000029,50,0,0,0,0
844,plogo1009,1009,黑暗先知,88887,300,2262500,91000029,500,0,0,0,0,91000029,50,0,0,0,0
845,plogo1009,1009,黑暗先知,88887,300,2262500,91000029,500,0,0,0,0,91000029,50,0,0,0,0
846,plogo1009,1009,黑暗先知,88887,300,2262500,91000029,500,0,0,0,0,91000029,50,0,0,0,0
847,plogo1009,1009,黑暗先知,88887,300,2262500,91000029,500,0,0,0,0,91000029,50,0,0,0,0
848,plogo1009,1009,黑暗先知,88887,300,2262500,91000029,500,0,0,0,0,91000029,50,0,0,0,0
849,plogo1009,1009,黑暗先知,88887,300,2262500,91000029,500,0,0,0,0,91000029,50,0,0,0,0
850,plogo1009,1009,黑暗先知,88887,300,2262500,91000029,500,0,0,0,0,91000029,50,0,0,0,0
851,plogo1009,1009,黑暗先知,88887,300,2262500,91000029,500,0,0,0,0,91000029,50,0,0,0,0
852,plogo1009,1009,黑暗先知,88887,300,2262500,91000029,500,0,0,0,0,91000029,50,0,0,0,0
853,plogo1009,1009,黑暗先知,88887,300,2262500,91000029,500,0,0,0,0,91000029,50,0,0,0,0
854,plogo1009,1009,黑暗先知,88887,300,2262500,91000029,500,0,0,0,0,91000029,50,0,0,0,0
855,plogo1009,1009,黑暗先知,88887,300,2262500,91000029,500,0,0,0,0,91000029,50,0,0,0,0
856,plogo1009,1009,黑暗先知,88887,300,2262500,91000029,500,0,0,0,0,91000029,50,0,0,0,0
857,plogo1009,1009,黑暗先知,88887,300,2262500,91000029,500,0,0,0,0,91000029,50,0,0,0,0
858,plogo1009,1009,黑暗先知,88887,300,2262500,91000029,500,0,0,0,0,91000029,50,0,0,0,0
859,plogo1009,1009,黑暗先知,88887,300,2262500,91000029,500,0,0,0,0,91000029,50,0,0,0,0
860,plogo1009,1009,黑暗先知,88887,300,2262500,91000029,500,0,0,0,0,91000029,50,0,0,0,0
861,plogo1009,1009,黑暗先知,88887,300,2262500,91000029,500,0,0,0,0,91000029,50,0,0,0,0
862,plogo1009,1009,黑暗先知,88887,300,2262500,91000029,500,0,0,0,0,91000029,50,0,0,0,0
863,plogo1009,1009,黑暗先知,88887,300,2262500,91000029,500,0,0,0,0,91000029,50,0,0,0,0
864,plogo1009,1009,黑暗先知,88887,300,2262500,91000029,500,0,0,0,0,91000029,50,0,0,0,0
865,plogo1009,1009,黑暗先知,88887,300,2262500,91000029,500,0,0,0,0,91000029,50,0,0,0,0
866,plogo1009,1009,黑暗先知,88887,300,2262500,91000029,500,0,0,0,0,91000029,50,0,0,0,0
867,plogo1009,1009,黑暗先知,88887,300,2262500,91000029,500,0,0,0,0,91000029,50,0,0,0,0
868,plogo1009,1009,黑暗先知,88887,300,2262500,91000029,500,0,0,0,0,91000029,50,0,0,0,0
869,plogo1009,1009,黑暗先知,88887,300,2262500,91000029,500,0,0,0,0,91000029,50,0,0,0,0
870,plogo1009,1009,黑暗先知,88887,300,2262500,91000029,500,0,0,0,0,91000029,50,0,0,0,0
871,plogo1009,1009,黑暗先知,88887,300,2262500,91000029,500,0,0,0,0,91000029,50,0,0,0,0
872,plogo1009,1009,黑暗先知,88887,300,2262500,91000029,500,0,0,0,0,91000029,50,0,0,0,0
873,plogo1009,1009,黑暗先知,88887,300,2262500,91000029,500,0,0,0,0,91000029,50,0,0,0,0
874,plogo1009,1009,黑暗先知,88887,300,2262500,91000029,500,0,0,0,0,91000029,50,0,0,0,0
875,plogo1009,1009,黑暗先知,88887,300,2262500,91000029,500,0,0,0,0,91000029,50,0,0,0,0
876,plogo1009,1009,黑暗先知,88887,300,2262500,91000029,500,0,0,0,0,91000029,50,0,0,0,0
877,plogo1009,1009,黑暗先知,88887,300,2262500,91000029,500,0,0,0,0,91000029,50,0,0,0,0
878,plogo1009,1009,黑暗先知,88887,300,2262500,91000029,500,0,0,0,0,91000029,50,0,0,0,0
879,plogo1009,1009,黑暗先知,88887,300,2262500,91000029,500,0,0,0,0,91000029,50,0,0,0,0
880,plogo1009,1009,黑暗先知,88887,300,2262500,91000029,500,0,0,0,0,91000029,50,0,0,0,0
881,plogo1009,1009,黑暗先知,88887,300,2262500,91000029,500,0,0,0,0,91000029,50,0,0,0,0
882,plogo1009,1009,黑暗先知,88887,300,2262500,91000029,500,0,0,0,0,91000029,50,0,0,0,0
883,plogo1009,1009,黑暗先知,88887,300,2262500,91000029,500,0,0,0,0,91000029,50,0,0,0,0
884,plogo1009,1009,黑暗先知,88887,300,2262500,91000029,500,0,0,0,0,91000029,50,0,0,0,0
885,plogo1009,1009,黑暗先知,88887,300,2262500,91000029,500,0,0,0,0,91000029,50,0,0,0,0
886,plogo1009,1009,黑暗先知,88887,300,2262500,91000029,500,0,0,0,0,91000029,50,0,0,0,0
887,plogo1009,1009,黑暗先知,88887,300,2262500,91000029,500,0,0,0,0,91000029,50,0,0,0,0
888,plogo1009,1009,黑暗先知,88887,300,2262500,91000029,500,0,0,0,0,91000029,50,0,0,0,0
889,plogo1009,1009,黑暗先知,88887,300,2262500,91000029,500,0,0,0,0,91000029,50,0,0,0,0
890,plogo1009,1009,黑暗先知,88887,300,2262500,91000029,500,0,0,0,0,91000029,50,0,0,0,0
891,plogo1009,1009,黑暗先知,88887,300,2262500,91000029,500,0,0,0,0,91000029,50,0,0,0,0
892,plogo1009,1009,黑暗先知,88887,300,2262500,91000029,500,0,0,0,0,91000029,50,0,0,0,0
893,plogo1009,1009,黑暗先知,88887,300,2262500,91000029,500,0,0,0,0,91000029,50,0,0,0,0
894,plogo1009,1009,黑暗先知,88887,300,2262500,91000029,500,0,0,0,0,91000029,50,0,0,0,0
895,plogo1009,1009,黑暗先知,88887,300,2262500,91000029,500,0,0,0,0,91000029,50,0,0,0,0
896,plogo1009,1009,黑暗先知,88887,300,2262500,91000029,500,0,0,0,0,91000029,50,0,0,0,0
897,plogo1009,1009,黑暗先知,88887,300,2262500,91000029,500,0,0,0,0,91000029,50,0,0,0,0
898,plogo1009,1009,黑暗先知,88887,300,2262500,91000029,500,0,0,0,0,91000029,50,0,0,0,0
899,plogo1009,1009,黑暗先知,88887,300,2262500,91000029,500,0,0,0,0,91000029,50,0,0,0,0
900,plogo1009,1009,黑暗先知,88887,300,2262500,91000029,500,0,0,0,0,91000029,50,0,0,0,0
901,plogo1009,1009,黑暗先知,88887,300,2262500,91000029,500,0,0,0,0,91000029,50,0,0,0,0
902,plogo1009,1009,黑暗先知,88887,300,2262500,91000029,500,0,0,0,0,91000029,50,0,0,0,0
903,plogo1009,1009,黑暗先知,88887,300,2262500,91000029,500,0,0,0,0,91000029,50,0,0,0,0
904,plogo1009,1009,黑暗先知,88887,300,2262500,91000029,500,0,0,0,0,91000029,50,0,0,0,0
905,plogo1009,1009,黑暗先知,88887,300,2262500,91000029,500,0,0,0,0,91000029,50,0,0,0,0
906,plogo1009,1009,黑暗先知,88887,300,2262500,91000029,500,0,0,0,0,91000029,50,0,0,0,0
907,plogo1009,1009,黑暗先知,88887,300,2262500,91000029,500,0,0,0,0,91000029,50,0,0,0,0
908,plogo1009,1009,黑暗先知,88887,300,2262500,91000029,500,0,0,0,0,91000029,50,0,0,0,0
909,plogo1009,1009,黑暗先知,88887,300,2262500,91000029,500,0,0,0,0,91000029,50,0,0,0,0
910,plogo1009,1009,黑暗先知,88887,300,2262500,91000029,500,0,0,0,0,91000029,50,0,0,0,0
911,plogo1009,1009,黑暗先知,88887,300,2262500,91000029,500,0,0,0,0,91000029,50,0,0,0,0
912,plogo1009,1009,黑暗先知,88887,300,2262500,91000029,500,0,0,0,0,91000029,50,0,0,0,0
913,plogo1009,1009,黑暗先知,88887,300,2262500,91000029,500,0,0,0,0,91000029,50,0,0,0,0
914,plogo1009,1009,黑暗先知,88887,300,2262500,91000029,500,0,0,0,0,91000029,50,0,0,0,0
915,plogo1009,1009,黑暗先知,88887,300,2262500,91000029,500,0,0,0,0,91000029,50,0,0,0,0
916,plogo1009,1009,黑暗先知,88887,300,2262500,91000029,500,0,0,0,0,91000029,50,0,0,0,0
917,plogo1009,1009,黑暗先知,88887,300,2262500,91000029,500,0,0,0,0,91000029,50,0,0,0,0
918,plogo1009,1009,黑暗先知,88887,300,2262500,91000029,500,0,0,0,0,91000029,50,0,0,0,0
919,plogo1009,1009,黑暗先知,88887,300,2262500,91000029,500,0,0,0,0,91000029,50,0,0,0,0
920,plogo1009,1009,黑暗先知,88887,300,2262500,91000029,500,0,0,0,0,91000029,50,0,0,0,0
921,plogo1009,1009,黑暗先知,88887,300,2262500,91000029,500,0,0,0,0,91000029,50,0,0,0,0
922,plogo1009,1009,黑暗先知,88887,300,2262500,91000029,500,0,0,0,0,91000029,50,0,0,0,0
923,plogo1009,1009,黑暗先知,88887,300,2262500,91000029,500,0,0,0,0,91000029,50,0,0,0,0
924,plogo1009,1009,黑暗先知,88887,300,2262500,91000029,500,0,0,0,0,91000029,50,0,0,0,0
925,plogo1009,1009,黑暗先知,88887,300,2262500,91000029,500,0,0,0,0,91000029,50,0,0,0,0
926,plogo1009,1009,黑暗先知,88887,300,2262500,91000029,500,0,0,0,0,91000029,50,0,0,0,0
927,plogo1009,1009,黑暗先知,88887,300,2262500,91000029,500,0,0,0,0,91000029,50,0,0,0,0
928,plogo1009,1009,黑暗先知,88887,300,2262500,91000029,500,0,0,0,0,91000029,50,0,0,0,0
929,plogo1009,1009,黑暗先知,88887,300,2262500,91000029,500,0,0,0,0,91000029,50,0,0,0,0
930,plogo1009,1009,黑暗先知,88887,300,2262500,91000029,500,0,0,0,0,91000029,50,0,0,0,0
931,plogo1009,1009,黑暗先知,88887,300,2262500,91000029,500,0,0,0,0,91000029,50,0,0,0,0
932,plogo1009,1009,黑暗先知,88887,300,2262500,91000029,500,0,0,0,0,91000029,50,0,0,0,0
933,plogo1009,1009,黑暗先知,88887,300,2262500,91000029,500,0,0,0,0,91000029,50,0,0,0,0
934,plogo1009,1009,黑暗先知,88887,300,2262500,91000029,500,0,0,0,0,91000029,50,0,0,0,0
935,plogo1009,1009,黑暗先知,88887,300,2262500,91000029,500,0,0,0,0,91000029,50,0,0,0,0
936,plogo1009,1009,黑暗先知,88887,300,2262500,91000029,500,0,0,0,0,91000029,50,0,0,0,0
937,plogo1009,1009,黑暗先知,88887,300,2262500,91000029,500,0,0,0,0,91000029,50,0,0,0,0
938,plogo1009,1009,黑暗先知,88887,300,2262500,91000029,500,0,0,0,0,91000029,50,0,0,0,0
939,plogo1009,1009,黑暗先知,88887,300,2262500,91000029,500,0,0,0,0,91000029,50,0,0,0,0
940,plogo1009,1009,黑暗先知,88887,300,2262500,91000029,500,0,0,0,0,91000029,50,0,0,0,0
941,plogo1009,1009,黑暗先知,88887,300,2262500,91000029,500,0,0,0,0,91000029,50,0,0,0,0
942,plogo1009,1009,黑暗先知,88887,300,2262500,91000029,500,0,0,0,0,91000029,50,0,0,0,0
943,plogo1009,1009,黑暗先知,88887,300,2262500,91000029,500,0,0,0,0,91000029,50,0,0,0,0
944,plogo1009,1009,黑暗先知,88887,300,2262500,91000029,500,0,0,0,0,91000029,50,0,0,0,0
945,plogo1009,1009,黑暗先知,88887,300,2262500,91000029,500,0,0,0,0,91000029,50,0,0,0,0
946,plogo1009,1009,黑暗先知,88887,300,2262500,91000029,500,0,0,0,0,91000029,50,0,0,0,0
947,plogo1009,1009,黑暗先知,88887,300,2262500,91000029,500,0,0,0,0,91000029,50,0,0,0,0
948,plogo1009,1009,黑暗先知,88887,300,2262500,91000029,500,0,0,0,0,91000029,50,0,0,0,0
949,plogo1009,1009,黑暗先知,88887,300,2262500,91000029,500,0,0,0,0,91000029,50,0,0,0,0
950,plogo1009,1009,黑暗先知,88887,300,2262500,91000029,500,0,0,0,0,91000029,50,0,0,0,0
951,plogo1009,1009,黑暗先知,88887,300,2262500,91000029,500,0,0,0,0,91000029,50,0,0,0,0
952,plogo1009,1009,黑暗先知,88887,300,2262500,91000029,500,0,0,0,0,91000029,50,0,0,0,0
953,plogo1009,1009,黑暗先知,88887,300,2262500,91000029,500,0,0,0,0,91000029,50,0,0,0,0
954,plogo1009,1009,黑暗先知,88887,300,2262500,91000029,500,0,0,0,0,91000029,50,0,0,0,0
955,plogo1009,1009,黑暗先知,88887,300,2262500,91000029,500,0,0,0,0,91000029,50,0,0,0,0
956,plogo1009,1009,黑暗先知,88887,300,2262500,91000029,500,0,0,0,0,91000029,50,0,0,0,0
957,plogo1009,1009,黑暗先知,88887,300,2262500,91000029,500,0,0,0,0,91000029,50,0,0,0,0
958,plogo1009,1009,黑暗先知,88887,300,2262500,91000029,500,0,0,0,0,91000029,50,0,0,0,0
959,plogo1009,1009,黑暗先知,88887,300,2262500,91000029,500,0,0,0,0,91000029,50,0,0,0,0
960,plogo1009,1009,黑暗先知,88887,300,2262500,91000029,500,0,0,0,0,91000029,50,0,0,0,0
961,plogo1009,1009,黑暗先知,88887,300,2262500,91000029,500,0,0,0,0,91000029,50,0,0,0,0
962,plogo1009,1009,黑暗先知,88887,300,2262500,91000029,500,0,0,0,0,91000029,50,0,0,0,0
963,plogo1009,1009,黑暗先知,88887,300,2262500,91000029,500,0,0,0,0,91000029,50,0,0,0,0
964,plogo1009,1009,黑暗先知,88887,300,2262500,91000029,500,0,0,0,0,91000029,50,0,0,0,0
965,plogo1009,1009,黑暗先知,88887,300,2262500,91000029,500,0,0,0,0,91000029,50,0,0,0,0
966,plogo1009,1009,黑暗先知,88887,300,2262500,91000029,500,0,0,0,0,91000029,50,0,0,0,0
967,plogo1009,1009,黑暗先知,88887,300,2262500,91000029,500,0,0,0,0,91000029,50,0,0,0,0
968,plogo1009,1009,黑暗先知,88887,300,2262500,91000029,500,0,0,0,0,91000029,50,0,0,0,0
969,plogo1009,1009,黑暗先知,88887,300,2262500,91000029,500,0,0,0,0,91000029,50,0,0,0,0
970,plogo1009,1009,黑暗先知,88887,300,2262500,91000029,500,0,0,0,0,91000029,50,0,0,0,0
971,plogo1009,1009,黑暗先知,88887,300,2262500,91000029,500,0,0,0,0,91000029,50,0,0,0,0
972,plogo1009,1009,黑暗先知,88887,300,2262500,91000029,500,0,0,0,0,91000029,50,0,0,0,0
973,plogo1009,1009,黑暗先知,88887,300,2262500,91000029,500,0,0,0,0,91000029,50,0,0,0,0
974,plogo1009,1009,黑暗先知,88887,300,2262500,91000029,500,0,0,0,0,91000029,50,0,0,0,0
975,plogo1009,1009,黑暗先知,88887,300,2262500,91000029,500,0,0,0,0,91000029,50,0,0,0,0
976,plogo1009,1009,黑暗先知,88887,300,2262500,91000029,500,0,0,0,0,91000029,50,0,0,0,0
977,plogo1009,1009,黑暗先知,88887,300,2262500,91000029,500,0,0,0,0,91000029,50,0,0,0,0
978,plogo1009,1009,黑暗先知,88887,300,2262500,91000029,500,0,0,0,0,91000029,50,0,0,0,0
979,plogo1009,1009,黑暗先知,88887,300,2262500,91000029,500,0,0,0,0,91000029,50,0,0,0,0
980,plogo1009,1009,黑暗先知,88887,300,2262500,91000029,500,0,0,0,0,91000029,50,0,0,0,0
981,plogo1009,1009,黑暗先知,88887,300,2262500,91000029,500,0,0,0,0,91000029,50,0,0,0,0
982,plogo1009,1009,黑暗先知,88887,300,2262500,91000029,500,0,0,0,0,91000029,50,0,0,0,0
983,plogo1009,1009,黑暗先知,88887,300,2262500,91000029,500,0,0,0,0,91000029,50,0,0,0,0
984,plogo1009,1009,黑暗先知,88887,300,2262500,91000029,500,0,0,0,0,91000029,50,0,0,0,0
985,plogo1009,1009,黑暗先知,88887,300,2262500,91000029,500,0,0,0,0,91000029,50,0,0,0,0
986,plogo1009,1009,黑暗先知,88887,300,2262500,91000029,500,0,0,0,0,91000029,50,0,0,0,0
987,plogo1009,1009,黑暗先知,88887,300,2262500,91000029,500,0,0,0,0,91000029,50,0,0,0,0
988,plogo1009,1009,黑暗先知,88887,300,2262500,91000029,500,0,0,0,0,91000029,50,0,0,0,0
989,plogo1009,1009,黑暗先知,88887,300,2262500,91000029,500,0,0,0,0,91000029,50,0,0,0,0
990,plogo1009,1009,黑暗先知,88887,300,2262500,91000029,500,0,0,0,0,91000029,50,0,0,0,0
991,plogo1009,1009,黑暗先知,88887,300,2262500,91000029,500,0,0,0,0,91000029,50,0,0,0,0
992,plogo1009,1009,黑暗先知,88887,300,2262500,91000029,500,0,0,0,0,91000029,50,0,0,0,0
993,plogo1009,1009,黑暗先知,88887,300,2262500,91000029,500,0,0,0,0,91000029,50,0,0,0,0
994,plogo1009,1009,黑暗先知,88887,300,2262500,91000029,500,0,0,0,0,91000029,50,0,0,0,0
995,plogo1009,1009,黑暗先知,88887,300,2262500,91000029,500,0,0,0,0,91000029,50,0,0,0,0
996,plogo1009,1009,黑暗先知,88887,300,2262500,91000029,500,0,0,0,0,91000029,50,0,0,0,0
997,plogo1009,1009,黑暗先知,88887,300,2262500,91000029,500,0,0,0,0,91000029,50,0,0,0,0
998,plogo1009,1009,黑暗先知,88887,300,2262500,91000029,500,0,0,0,0,91000029,50,0,0,0,0
999,plogo1009,1009,黑暗先知,88887,300,2262500,91000029,500,0,0,0,0,91000029,50,0,0,0,0
